Get Rich With… Bikes,https://www.mrmoneymustache.com/2011/04/18/get-rich-with-bikes/
How to come out WAY AHEAD when buying a used car,https://www.mrmoneymustache.com/2011/04/19/how-to-come-out-way-ahead-when-buying-a-used-car/
Yeah Mr. Money Mustache Good for You but What About Real People?,https://www.mrmoneymustache.com/2011/04/20/yeah-mr-money-mustache-good-for-you-but-what-about-real-people/
Silly and Misleading Retirement Calculators,https://www.mrmoneymustache.com/2011/04/21/silly-and-misleading-retirement-calculators/
Springy Debt instead of a Cash Cushion,https://www.mrmoneymustache.com/2011/04/22/springy-debt-instead-of-a-cash-cushion/
Unleash your Inner Hasselhoff for Greater Riches,https://www.mrmoneymustache.com/2011/04/24/unleash-your-inner-hasselhoff-for-greater-riches/
Having “The Talk” with a Current or Potential Mate,https://www.mrmoneymustache.com/2011/04/25/having-the-talk-with-a-current-or-potential-mate/
Why Hardcore Saving is much more Powerful than Masterful Investing,https://www.mrmoneymustache.com/2011/04/26/why-hardcore-saving-is-much-more-powerful-than-masterful-investing/
MMM Challenge: Save 100 Dollars This Week,https://www.mrmoneymustache.com/2011/04/27/mmm-challenge-save-100-dollars-this-week/
Mustache on the Move: Gas Prices Still Way Too Low,https://www.mrmoneymustache.com/2011/04/28/mustache-on-the-move-gas-prices-still-way-too-low/
Living well on the trailing edge of Luxury,https://www.mrmoneymustache.com/2011/04/29/living-well-on-the-trailing-edge-of-luxury/
Weekend Edition: Retire in your Mind even if you Love your Job,https://www.mrmoneymustache.com/2011/04/30/weekend-edition-retire-in-your-mind-even-if-you-love-your-job/
Car Strategies to Cut your Costs in Four (or more),https://www.mrmoneymustache.com/2011/05/02/car-strategies-to-cut-your-costs-in-four-or-more/
MMM Save $100 This Week Challenge: Update,https://www.mrmoneymustache.com/2011/05/03/mmm-save-100-this-week-challenge-update/
Instant Wealth Boost by Tidying up your Bank Accounts,https://www.mrmoneymustache.com/2011/05/04/instant-wealth-boost-by-tidying-up-your-bank-accounts/
Get Rich With: Profitable Leisure Time,https://www.mrmoneymustache.com/2011/05/05/get-rich-with-profitable-leisure-time/
Closing Ceremonies for “Save $100 This Week” Challenge,https://www.mrmoneymustache.com/2011/05/05/closing-ceremonies-for-save-100-this-week-challenge/
MMM Challenge: Cut your Cash-Leaking Umbilical Cord,https://www.mrmoneymustache.com/2011/05/06/mmm-challenge-cut-your-cash-leaking-umbilical-cord/
Weekend Edition: Happy Mother’s Day,https://www.mrmoneymustache.com/2011/05/08/weekend-edition-happy-mothers-day/
Mrs. Money Mustache: The Secret Life of Frugality,https://www.mrmoneymustache.com/2011/05/09/mrs-money-mustache-the-secret-life-of-frugality/
I’ll show you my Electricity Bill if You show me Yours,https://www.mrmoneymustache.com/2011/05/10/ill-show-you-my-electricity-bill-if-you-show-me-yours/
The Elephant in the Room: Housing,https://www.mrmoneymustache.com/2011/05/11/the-elephant-in-the-room-housing/
The Coffee Machine that can Pay for a University Education,https://www.mrmoneymustache.com/2011/05/12/the-coffee-machine-that-can-pay-for-a-university-education/
How’s the Blog Doing Anyway?,https://www.mrmoneymustache.com/2011/05/13/hows-the-blog-doing-anyway/
Weekend Edition Book Review: The Millionaire Next Door,https://www.mrmoneymustache.com/2011/05/14/weekend-edition-book-review-the-millionaire-next-door/
Mustache on the Move: The Evil Mister Money,https://www.mrmoneymustache.com/2011/05/15/mustache-on-the-move-the-evil-mister-money/
MMM Reader Case Study: The Man who didn’t Realize he was already Rich,https://www.mrmoneymustache.com/2011/05/16/mmm-reader-case-study-the-man-who-didnt-realize-he-was-already-rich/
Get Rich With: Olympic Barbells,https://www.mrmoneymustache.com/2011/05/17/get-rich-with-olympic-barbells/
How to make Money in the Stock Market,https://www.mrmoneymustache.com/2011/05/18/how-to-make-money-in-the-stock-market/
Mr. Money Mustache vs. Dave Ramsey,https://www.mrmoneymustache.com/2011/05/19/mr-money-mustache-vs-dave-ramsey/
It’s Beer ‘o’ Clock,https://www.mrmoneymustache.com/2011/05/20/its-beer-o-clock/
Weekend Edition: What would the Native Americans Do?,https://www.mrmoneymustache.com/2011/05/22/weekend-edition-what-would-the-native-americans-do/
Get Rich With: Owning Rental Houses,https://www.mrmoneymustache.com/2011/05/23/get-rich-with-owning-rental-houses/
MMM Challenge: Get yourself a lower Mortgage Rate,https://www.mrmoneymustache.com/2011/05/24/mmm-challenge-get-yourself-a-lower-mortgage-rate/
A Road Trip to Early Retirement Extreme,https://www.mrmoneymustache.com/2011/05/25/a-road-trip-to-early-retirement-extreme/
What is the Real Cost of Raising Children?,https://www.mrmoneymustache.com/2011/05/26/what-is-the-real-cost-of-raising-children/
Exposed! The MMM Family’s Actual Spending,https://www.mrmoneymustache.com/2011/05/27/exposed-the-mmm-familys-actual-spending/
Weekend Edition: The Magic of Thinking Big,https://www.mrmoneymustache.com/2011/05/28/weekend-edition-the-magic-of-thinking-big/
Get Rich With: The Universal Men’s Grooming Device,https://www.mrmoneymustache.com/2011/05/30/get-rich-with-the-universal-mens-grooming-device/
The American Dream is Slipping out of Reach! Waaaah Waaah!,https://www.mrmoneymustache.com/2011/05/31/the-american-dream-is-slipping-out-of-reach-waaaah-waaah/
An Experiment with Blog Moneymaking,https://www.mrmoneymustache.com/2011/06/01/an-experiment-with-blog-moneymaking/
Insurance: A Tax on People who are Bad at Math?,https://www.mrmoneymustache.com/2011/06/02/insurance-a-tax-on-people-who-are-bad-at-math/
A Mustachian Microbrewery is Born,https://www.mrmoneymustache.com/2011/06/03/a-mustachian-microbrewery-is-born/
Mrs Money Mustache: Eliminating Lady Temptations,https://www.mrmoneymustache.com/2011/06/05/mrs-money-mustache-eliminating-lady-temptations/
Dude where’s my 7% Investment Return?,https://www.mrmoneymustache.com/2011/06/06/dude-wheres-my-7-investment-return/
Where should I Invest my Short-Term ‘Stash?,https://www.mrmoneymustache.com/2011/06/07/where-should-i-invest-my-short-term-stash/
The Joy of Self Employment,https://www.mrmoneymustache.com/2011/06/08/the-joy-of-self-employment/
How to tell when the Stock Market is on Sale,https://www.mrmoneymustache.com/2011/06/09/how-to-tell-when-the-stock-market-is-on-sale/
Weekend Edition: Health = Wealth,https://www.mrmoneymustache.com/2011/06/11/weekend-edition-health-wealth/
Case Study: Growing a Money Mustache at Sea,https://www.mrmoneymustache.com/2011/06/13/case-study-growing-a-money-mustache-at-sea/
Equally Shared Parenting,https://www.mrmoneymustache.com/2011/06/15/equally-shared-parenting/
Why You Should Smile at Higher Gas Prices,https://www.mrmoneymustache.com/2011/06/16/why-you-should-smile-at-higher-gas-prices/
Get Rich With: The Secret Food ‘Stash,https://www.mrmoneymustache.com/2011/06/17/get-rich-with-the-secret-food-stash/
Mustachian Motoring with a Manual Transmission,https://www.mrmoneymustache.com/2011/06/20/mustachian-motoring-with-a-manual-transmission/
Frugality as a Muscle,https://www.mrmoneymustache.com/2011/06/21/frugality-as-a-muscle/
Why I Really retired from Corporate Work,https://www.mrmoneymustache.com/2011/06/23/why-i-really-retired-from-corporate-work/
Mustache on the Move: Am I really the Most Badass Person in my Whole Town?,https://www.mrmoneymustache.com/2011/06/24/mustache-on-the-move-am-i-really-the-most-badass-person-in-my-whole-town/
Mustache Really on the Move: Heading to Canada for the Summer,https://www.mrmoneymustache.com/2011/06/25/mustache-really-on-the-move-heading-to-canada-for-the-summer/
My New 1000% Annual Return-on-Investment Clothes Dryer,https://www.mrmoneymustache.com/2011/06/27/my-new-1000-annual-return-on-investment-clothes-dryer/
Good Times for Landlords,https://www.mrmoneymustache.com/2011/06/29/good-times-for-landlords/
First Retire Then Have Kids,https://www.mrmoneymustache.com/2011/07/01/a-guest-posting-on-frugal-dad/
Wish You Were Here,https://www.mrmoneymustache.com/2011/07/08/wish-you-were-here/
Brewery Update: Beer ready Critics Raving!,https://www.mrmoneymustache.com/2011/07/11/brewery-update-beer-ready-critics-raving/
Living better than your neighbors on 75% less,https://www.mrmoneymustache.com/2011/07/14/living-better-than-your-neighbors-on-75-less/
How Not to use your Air Conditioning,https://www.mrmoneymustache.com/2011/07/18/how-not-to-use-your-air-conditioning/
Get Rich With: Carpentry and Home Renovation,https://www.mrmoneymustache.com/2011/07/20/get-rich-with-carpentry-and-home-renovation/
Weekend Edition: the blog so far,https://www.mrmoneymustache.com/2011/07/24/weekend-edition-the-blog-so-far/
Hypermiling: Expert driving to save 25% on gas.,https://www.mrmoneymustache.com/2011/07/26/hypermiling-expert-driving-to-save-25-50-on-gas/
A Millionaire is Made Ten Bucks at a Time,https://www.mrmoneymustache.com/2011/08/01/a-millionaire-is-made-ten-bucks-at-a-time/
Mrs. Money Mustache Receives Many Gifts for Her Birthday,https://www.mrmoneymustache.com/2011/08/03/mrs-money-mustache-receives-many-gifts-for-her-birthday/
Making Money while Taking Vacations,https://www.mrmoneymustache.com/2011/08/05/making-money-while-taking-vacations/
Summer Clearance Sale on US Stocks!,https://www.mrmoneymustache.com/2011/08/07/summer-clearance-sale-on-us-stocks/
Reader Case Study: Is this 26-year-old Ready to Retire?,https://www.mrmoneymustache.com/2011/08/09/reader-case-study-is-this-26-year-old-ready-to-retire/
Get Rich With.. Craigslist,https://www.mrmoneymustache.com/2011/08/11/get-rich-with-craigslist/
Current Events In Stupidland,https://www.mrmoneymustache.com/2011/08/12/current-events-in-stupidland/
Become a Lazy Landlord – with REITs,https://www.mrmoneymustache.com/2011/08/15/become-a-lazy-landlord-with-reits/
World’s richest people are actually in favor of higher taxes,https://www.mrmoneymustache.com/2011/08/16/worlds-richest-people-are-actually-in-favor-of-higher-taxes/
Why did Mr. Money Mustache get Political today?,https://www.mrmoneymustache.com/2011/08/16/why-did-mr-money-mustache-get-political-today/
Royal Wedding Shloyal Fledding,https://www.mrmoneymustache.com/2011/08/17/royal-wedding-shloyal-fledding/
The next Stage of Retirement begins: Kindergarten,https://www.mrmoneymustache.com/2011/08/18/the-next-stage-of-retirement-begins-kindergarten/
Guest Posting – Get Rich With: Scooters,https://www.mrmoneymustache.com/2011/08/19/guest-posting-get-rich-with-scooters/
Grocery Shopping With Your Middle Finger,https://www.mrmoneymustache.com/2011/08/23/grocery-shopping-with-your-middle-finger/
Good Day to Buy a Bike,https://www.mrmoneymustache.com/2011/08/24/good-day-to-buy-a-bike/
Groupon? Never heard of it.,https://www.mrmoneymustache.com/2011/08/25/groupon-never-heard-of-it/
The Joy of Getting Laid off from your Job,https://www.mrmoneymustache.com/2011/08/27/the-joy-of-getting-laid-off-from-your-job/
Reader Case Study – How can I Climb out of the Gutter?,https://www.mrmoneymustache.com/2011/08/29/reader-case-study-how-can-i-climb-out-of-the-gutter/
Why are you named “Mr. Money Mustache” anyway?,https://www.mrmoneymustache.com/2011/08/31/why-are-you-named-mr-money-mustache-anyway/
What is Thermal Mass and How can it Make you Money?,https://www.mrmoneymustache.com/2011/09/01/what-is-thermal-mass-and-how-can-it-make-you-money/
Book Review: “Enough.” by John C. Bogle,https://www.mrmoneymustache.com/2011/09/04/book-review-enough-by-john-c-bogle/
How much is that bitch costin’ ya?,https://www.mrmoneymustache.com/2011/09/06/how-much-is-that-bitch-costin-ya/
My $750 Bread Making Machine,https://www.mrmoneymustache.com/2011/09/08/my-750-bread-making-machine-2/
Mrs. Money Mustache: What do newborn babies really need?,https://www.mrmoneymustache.com/2011/09/09/mrs-money-mustache-what-do-newborn-babies-really-need/
Book Review: Economics Explained,https://www.mrmoneymustache.com/2011/09/12/book-review-economics-explained/
Domestic Outsourcing: Practical or Wussypants?,https://www.mrmoneymustache.com/2011/09/13/domestic-outsourcing-practical-or-wussypants/
A Brief History of the ‘Stash: How we Saved from Zero to Retirement in Nine Years,https://www.mrmoneymustache.com/2011/09/15/a-brief-history-of-the-stash-how-we-saved-from-zero-to-retirement-in-ten-years/
The Race to Retirement – Revisited,https://www.mrmoneymustache.com/2011/09/17/the-race-to-retirement-revisited/
Guest Posting – Notes From The Laundry Room,https://www.mrmoneymustache.com/2011/09/20/guest-posting-notes-from-the-laundry-room/
$3 Per Month: The Largest Possible Music Budget,https://www.mrmoneymustache.com/2011/09/23/3-per-month-the-largest-possible-music-budget/
Reader Case Study: Minimum Wage with a Baby on the Way,https://www.mrmoneymustache.com/2011/09/26/reader-case-study-minimum-wage-with-a-baby-on-the-way/
Get Rich With: Moving to a Better Place,https://www.mrmoneymustache.com/2011/09/28/get-rich-with-moving-to-a-better-place/
Is a Costco Membership Worth The Cost?,https://www.mrmoneymustache.com/2011/09/30/is-a-costco-membership-worth-the-cost/
What is Stoicism and How Can it Turn your Life to Solid Gold?,https://www.mrmoneymustache.com/2011/10/02/what-is-stoicism-and-how-can-it-turn-your-life-to-solid-gold/
Let’s Buy a Foreclosure Together! … Episode 1,https://www.mrmoneymustache.com/2011/10/04/lets-buy-a-foreclosure-together-episode-1/
The True Cost of Commuting,https://www.mrmoneymustache.com/2011/10/06/the-true-cost-of-commuting/
How to Tell if You’re a Complainypants,https://www.mrmoneymustache.com/2011/10/07/how-to-tell-if-youre-a-complainypants/
Let’s Buy A Foreclosure Episode 2 – What is the 50% 2% Rule?,https://www.mrmoneymustache.com/2011/10/10/lets-buy-a-foreclosure-episode-2-what-is-the-50-2-rule/
Avoiding Ivy League Preschool Syndrome,https://www.mrmoneymustache.com/2011/10/12/avoiding-ivy-league-preschool-syndrome/
Eliminate your dependence on foreign (and domestic) clothing,https://www.mrmoneymustache.com/2011/10/14/eliminate-your-dependence-on-foreign-and-domestic-clothing/
It’s All About the Safety Margin,https://www.mrmoneymustache.com/2011/10/17/its-all-about-the-safety-margin/
MMM Challenge: Try Getting Your Groceries with a Bike Trailer,https://www.mrmoneymustache.com/2011/10/20/mmm-challenge-try-getting-your-groceries-with-a-bike-trailer/
What is Hedonic Adaptation and How Can it Turn You Into a Sucka?,https://www.mrmoneymustache.com/2011/10/22/what-is-hedonic-adaptation-and-how-can-it-turn-you-into-a-sukka/
The Joy of Part-Time Work,https://www.mrmoneymustache.com/2011/10/25/the-joy-of-part-time-work/
Mr. Money Mustache Receives the Gift of Hardship for his Birthday,https://www.mrmoneymustache.com/2011/10/27/mr-money-mustache-receives-the-gift-of-hardship-for-his-birthday/
Foreclosure Update: House Bought Plans Made Bathroom Destroyed,https://www.mrmoneymustache.com/2011/10/29/foreclosure-update-house-bought-plans-made-bathroom-destroyed/
Mr. Money Mustache vs. No Impact Man,https://www.mrmoneymustache.com/2011/11/01/mr-money-mustache-vs-no-impact-man/
Two Unusual Internet Roadtrips,https://www.mrmoneymustache.com/2011/11/02/two-unusual-internet-roadtrips/
How To Ride Your Bike All Winter – And Love it,https://www.mrmoneymustache.com/2011/11/03/how-to-ride-your-bike-all-winter-and-love-it/
Book Review: Will This Guy Really Teach You to be Rich?,https://www.mrmoneymustache.com/2011/11/06/book-review-will-this-guy-really-teach-you-to-be-rich/
Get Rich With: Your Local Public Library,https://www.mrmoneymustache.com/2011/11/08/get-rich-with-the-library/
A Little Lesson on Gasoline,https://www.mrmoneymustache.com/2011/11/09/a-little-lesson-on-gasoline/
How Much is TOO MUCH in your 401(k)?,https://www.mrmoneymustache.com/2011/11/11/how-much-is-too-much-in-your-401k/
Book Review: Early Retirement Extreme,https://www.mrmoneymustache.com/2011/11/12/book-review-early-retirement-extreme/
Eulogy to a Great Dad,https://www.mrmoneymustache.com/2011/11/14/eulogy-to-a-great-dad/
Foreclosure Project: Increasing Profits with the Recycled Building Materials Store,https://www.mrmoneymustache.com/2011/11/15/foreclosure-project-increasing-profits-with-the-recycled-building-materials-store/
An Online Forum for Mustachians on Reddit,https://www.mrmoneymustache.com/2011/11/17/an-online-forum-for-mustachians-on-reddit/
First Understand then Destroy your Home Heating Bill,https://www.mrmoneymustache.com/2011/11/18/first-understand-then-destroy-your-home-heating-bill/
The Connection Between Trash and ‘Stash,https://www.mrmoneymustache.com/2011/11/21/the-connection-between-trash-and-stash/
How to Become a Kickass Plumber – with PEX,https://www.mrmoneymustache.com/2011/11/23/how-to-become-a-kickass-plumber-with-pex/
Happy Thanksgiving – And Buy Nothing Day! (and Month?),https://www.mrmoneymustache.com/2011/11/24/happy-thanksgiving-and-buy-nothing-day-and-month/
New Cars and Auto Financing: Stupid or Sensible?,https://www.mrmoneymustache.com/2011/11/28/new-cars-and-auto-financing-stupid-or-sensible/
An $800 Gift From Me to You,https://www.mrmoneymustache.com/2011/11/30/an-800-gift-from-me-to-you/
Mr. Money Mustache gets Passed the Early Retirement Torch,https://www.mrmoneymustache.com/2011/12/01/mr-money-mustache-gets-passed-the-early-retirement-torch/
Muscle Over Motor,https://www.mrmoneymustache.com/2011/12/05/muscle-over-motor/
Can you follow me on Twitter?,https://www.mrmoneymustache.com/2011/12/06/can-you-follow-me-on-twitter/
Turning a Little Car Into a Big One,https://www.mrmoneymustache.com/2011/12/08/turning-a-little-car-into-a-big-one/
She’s the DJ I’m the Rapper (1 Million Page Views),https://www.mrmoneymustache.com/2011/12/10/shes-the-dj-im-the-rapper-1-million-page-views/
Watching your ‘Stash… with Mint,https://www.mrmoneymustache.com/2011/12/12/watching-your-stash-with-mint/
Are You Obsessed with Early Retirement?,https://www.mrmoneymustache.com/2011/12/14/are-you-obsessed-with-early-retirement/
Mustache Family on the Move Next Week,https://www.mrmoneymustache.com/2011/12/16/mustache-family-on-the-move-next-week/
Money Mustache vs. Tourist Trap,https://www.mrmoneymustache.com/2011/12/20/money-mustache-vs-tourist-trap/
Guest Posting from Dividend Mantra : What is Dividend Growth Investing?,https://www.mrmoneymustache.com/2011/12/22/guest-posting-from-dividend-mantra-what-is-dividend-growth-investing/
Prospering in an Anti-Mustachian City,https://www.mrmoneymustache.com/2011/12/28/prospering-in-an-anti-mustachian-city/
Guest Posting – The Dividend Aristocrats,https://www.mrmoneymustache.com/2012/01/02/guest-posting-the-dividend-aristocrats/
This Old House (Cheap Edition),https://www.mrmoneymustache.com/2012/01/04/this-old-house-cheap-edition/
The Triple M Reading List,https://www.mrmoneymustache.com/2012/01/06/the-triple-m-reading-list/
Getting Around the Blog,https://www.mrmoneymustache.com/2012/01/08/getting-around-the-blog/
You Can’t Cure Obesity with Bigger Pants,https://www.mrmoneymustache.com/2012/01/09/you-cant-cure-obesity-with-bigger-pants/
Getting Started in Carpentry – Tools of the Trade,https://www.mrmoneymustache.com/2012/01/11/getting-started-in-carpentry-tools-of-the-trade/
The Shockingly Simple Math Behind Early Retirement,https://www.mrmoneymustache.com/2012/01/13/the-shockingly-simple-math-behind-early-retirement/
Exposed! The MMM Family’s 2011 Spending!,https://www.mrmoneymustache.com/2012/01/16/exposed-the-mmm-familys-2011-spending/
How to Be Slim,https://www.mrmoneymustache.com/2012/01/19/how-to-be-slim/
Book Review: Free at 45 by Canadian Dream (Timothy Stobbs),https://www.mrmoneymustache.com/2012/01/21/book-review-free-at-45-by-canadian-dream-timothy-stobbs/
Introducing the ¡Random! Button,https://www.mrmoneymustache.com/2012/01/22/introducing-the-random-button/
Gaming the System with Rewards Credit Cards,https://www.mrmoneymustache.com/2012/01/23/gaming-the-system-with-rewards-credit-cards/
Reader Case Study: Student Loans or Saving for a Home?,https://www.mrmoneymustache.com/2012/01/25/reader-case-study-student-loans-or-saving-for-a-home/
The Foreclosure Project: Final Numbers and Pictures are In!,https://www.mrmoneymustache.com/2012/01/27/the-foreclosure-project-final-numbers-and-pictures-are-in/
Your Money Can Work Harder than You Can,https://www.mrmoneymustache.com/2012/01/30/your-money-can-work-harder-than-you-can/
Mr. Money Mustache’s Big Mistake,https://www.mrmoneymustache.com/2012/02/01/mr-money-mustaches-big-mistake/
Mustache on the Move: Heading to Lake Tahoe,https://www.mrmoneymustache.com/2012/02/03/mustache-on-the-move-heading-to-lake-tahoe/
Guest Post from The Military Guide – Frugality is Not Deprivation,https://www.mrmoneymustache.com/2012/02/06/guest-post-from-the-military-guide-frugality-is-not-deprivation/
Mrs. Money Mustache Remembers,https://www.mrmoneymustache.com/2012/02/08/mrs-money-mustache-remembers/
Brave New Life: Understand The Marginal Utility of Money,https://www.mrmoneymustache.com/2012/02/09/brave-new-life/
Understand the Marginal Utility of Booze and Drugs,https://www.mrmoneymustache.com/2012/02/13/understand-the-marginal-utility-of-booze-and-drugs/
Introducing the Money Mustache Forums!,https://www.mrmoneymustache.com/2012/02/14/introducing-the-money-mustache-forums/
Happy Approximately Valentine’s Day,https://www.mrmoneymustache.com/2012/02/15/happy-approximately-valentines-day/
Book Review: The Intelligent Asset Allocator,https://www.mrmoneymustache.com/2012/02/17/book-review-the-intelligent-asset-allocator/
Mr. Money Mustache vs. Tim Ferriss,https://www.mrmoneymustache.com/2012/02/20/mr-money-mustache-vs-tim-ferris/
Reader Case Study: Getting Blood from a Stone,https://www.mrmoneymustache.com/2012/02/22/reader-case-study-getting-blood-from-a-stone/
Pay Down the Mortgage or Invest More? A win/win question.,https://www.mrmoneymustache.com/2012/02/24/pay-down-the-mortgage-or-invest-more-a-winwin-question/
Get Rich With: Good Old-Fashioned Hard Work,https://www.mrmoneymustache.com/2012/02/27/get-rich-with-good-old-fashioned-hard-work/
Challenge: Who is up for Maximum Mustache March?,https://www.mrmoneymustache.com/2012/02/29/challenge-who-is-up-for-a-maximum-mustache-march/
Reader Case Study: Harvard Law Superstar or Family Man?,https://www.mrmoneymustache.com/2012/03/02/reader-case-study-harvard-law-superstar-or-family-man/
Guest Post: Shaving Lessons from Grandpa Money Mustache,https://www.mrmoneymustache.com/2012/03/03/guest-post-shaving-lessons-from-grandpa-money-mustache/
So I Bought you a $40 Light Bulb Today,https://www.mrmoneymustache.com/2012/03/05/so-i-bought-you-a-40-light-bulb-today/
Frugality: the New Fanciness,https://www.mrmoneymustache.com/2012/03/07/frugality-the-new-fanciness/
Housing Prices: Bargain of a Lifetime or Much Further to Fall?,https://www.mrmoneymustache.com/2012/03/09/housing-prices-bargain-of-a-lifetime-or-much-further-to-fall/
Get More From your Day By Counting the Seconds,https://www.mrmoneymustache.com/2012/03/12/get-more-from-your-day-by-counting-the-seconds/
Why I am SO Not Buying an iPad 3,https://www.mrmoneymustache.com/2012/03/14/why-i-am-so-not-buying-an-ipad-3/
Get Rich With: Blogging?,https://www.mrmoneymustache.com/2012/03/16/get-rich-with-blogging/
Boxed Wine: Not Just for Your Alcoholic Aunt Anymore,https://www.mrmoneymustache.com/2012/03/17/boxed-wine-not-just-for-your-alcoholic-aunt-anymore/
Top 10 Cars for Smart People,https://www.mrmoneymustache.com/2012/03/19/top-10-cars-for-smart-people/
Toyota Prius – Ass Kicker or Trouble Maker?,https://www.mrmoneymustache.com/2012/03/20/toyota-prius-ass-kicker-or-trouble-maker/
Selling the Dream – How to Make your Spouse Love Frugality,https://www.mrmoneymustache.com/2012/03/22/selling-the-dream-how-to-make-your-spouse-love-frugality/
Maximum Mustache March – Update,https://www.mrmoneymustache.com/2012/03/24/maximum-mustache-march-update/
Selling the Dream of Financial Independence – Part 2,https://www.mrmoneymustache.com/2012/03/27/selling-the-dream-of-financial-independence-part-2/
Killing your $1000 Grocery Bill,https://www.mrmoneymustache.com/2012/03/29/killing-your-1000-grocery-bill/
Guest Post: Why is it So Hard to Downshift?,https://www.mrmoneymustache.com/2012/03/31/guest-post-why-is-it-so-hard-to-downshift/
What Would You Do with WAY MORE Money?,https://www.mrmoneymustache.com/2012/04/02/what-would-you-do-with-way-more-money/
Reader Case Study: Working a Crappy Job – for Nothing,https://www.mrmoneymustache.com/2012/04/04/reader-case-study-working-a-crappy-job-for-nothing/
Get Rich With: Nature,https://www.mrmoneymustache.com/2012/04/06/get-rich-with-nature/
What if Everyone Became Frugal?,https://www.mrmoneymustache.com/2012/04/09/what-if-everyone-became-frugal/
Get Rich With: Good Old-Fashioned Honesty,https://www.mrmoneymustache.com/2012/04/11/get-rich-with-good-old-fashioned-honesty/
Early Retirement: It’s Not as Risky as you Think,https://www.mrmoneymustache.com/2012/04/12/early-retirement-its-not-as-risky-as-you-think/
Guest Posting: Annuities – a Solution for the Cautious Retiree?,https://www.mrmoneymustache.com/2012/04/14/guest-posting-annuities-a-solution-for-the-cautious-retiree/
Unlock your Inner Mr. T – by Mastering Metal,https://www.mrmoneymustache.com/2012/04/16/unlock-your-inner-mr-t-by-mastering-metal/
News Flash: Your Debt is an Emergency!!,https://www.mrmoneymustache.com/2012/04/18/news-flash-your-debt-is-an-emergency/
Nearly Free Kids Toys that Keep On Giving,https://www.mrmoneymustache.com/2012/04/20/nearly-free-kids-toys-that-keep-on-giving/
Guest Posting: It’s All Bullshit!,https://www.mrmoneymustache.com/2012/04/21/guest-posting-its-all-bullshit/
Work Goes On… Long After the Thrill of Workin’ is Gone,https://www.mrmoneymustache.com/2012/04/23/work-goes-on-long-after-the-thrill-of-workin-is-gone/
Unlocking your Home Equity for Profitable Investments,https://www.mrmoneymustache.com/2012/04/25/unlocking-your-home-equity-for-profitable-investments/
Nicer Legs and Some New Carpentry Skills – for Only 15 Bucks,https://www.mrmoneymustache.com/2012/04/27/nicer-legs-and-some-new-carpentry-skills-for-only-15-bucks/
The Cost of Living is Too High These Days Waaah Waaah!,https://www.mrmoneymustache.com/2012/04/30/the-cost-of-living-is-too-high-these-days-waaah-waaah/
Reader Case Study: I’m Rich and Life is Perfect – Now What?,https://www.mrmoneymustache.com/2012/05/03/reader-case-study-im-rich-and-life-is-perfect-now-what/
Wow.. how ’bout that Comments section?,https://www.mrmoneymustache.com/2012/05/04/wow-how-bout-that-comments-section/
What Do You Mean “You Don’t Have a Bike”?!,https://www.mrmoneymustache.com/2012/05/07/what-do-you-mean-you-dont-have-a-bike/
Houses and Stocks are Going Up – Who Cares?,https://www.mrmoneymustache.com/2012/05/09/houses-and-stocks-are-going-up-who-cares/
Can We All Stop This Fucking Complaining About our Government?,https://www.mrmoneymustache.com/2012/05/10/can-we-all-stop-this-fucking-complaining-about-our-government/
Food Rules – a Shortcut to Better Health,https://www.mrmoneymustache.com/2012/05/11/food-rules-a-shortcut-to-better-health/
First Retire…Then Get Rich,https://www.mrmoneymustache.com/2012/05/14/first-retire-then-get-rich/
Internet Sharing – How to Get Revenge on the Cable Company,https://www.mrmoneymustache.com/2012/05/16/internet-sharing-how-to-get-revenge-on-the-cable-company/
Embracing the Nagging Voices of Success,https://www.mrmoneymustache.com/2012/05/21/embracing-the-nagging-voice-of-success/
Mrs. Money Mustache: Routine Will Oil the Machine,https://www.mrmoneymustache.com/2012/05/24/mrs-money-mustache-routine-will-oil-the-machine/
Guest Posting: Financial Independence … 23 Years Later,https://www.mrmoneymustache.com/2012/05/26/guest-posting-financial-independence-23-years-later/
The 4% Rule: The Easy Answer to “How Much Do I Need for Retirement?”,https://www.mrmoneymustache.com/2012/05/29/how-much-do-i-need-for-retirement/
My Deprived Life: Raising a Family on Under $27 000 per Year,https://www.mrmoneymustache.com/2012/06/01/raising-a-family-on-under-2000-per-year/
The Lovely Low Taxes of Early Retirement,https://www.mrmoneymustache.com/2012/06/04/the-lovely-low-taxes-of-early-retirement/
Safety is an Expensive Illusion,https://www.mrmoneymustache.com/2012/06/07/safety-is-an-expensive-illusion/
Get Rich With: Good Old-Fashioned Trust,https://www.mrmoneymustache.com/2012/06/11/get-rich-with-trust/
The World’s Most Efficient Air-Conditioner,https://www.mrmoneymustache.com/2012/06/14/the-worlds-most-efficient-air-conditioner/
‘Stache’s Out For Summer…,https://www.mrmoneymustache.com/2012/06/17/staches-out-for-summer/
I Just Gave Up $4000 Per Month to Keep My Freedom of Speech,https://www.mrmoneymustache.com/2012/06/21/i-just-gave-up-4000-per-month-to-keep-my-freedom-of-speech/
King for Just One Day,https://www.mrmoneymustache.com/2012/06/28/king-for-just-one-day/
Hacking Home Depot to Save Big Bucks on Renovations,https://www.mrmoneymustache.com/2012/07/02/hacking-home-depot-to-save-big-bucks-on-renovations/
Early Retirement Can’t Work Or I’d Have Heard Of It Before!,https://www.mrmoneymustache.com/2012/07/08/early-retirement-cant-work-or-id-have-heard-of-it-before/
To Achieve Greatness You Must First Acknowledge that You Suck,https://www.mrmoneymustache.com/2012/07/10/to-achieve-greatness-you-must-first-acknowledge-that-you-suck/
Two Fun Tools from the MMM Software Department,https://www.mrmoneymustache.com/2012/07/15/two-fun-tools-from-the-mmm-software-department/
Protecting your Money Mustache from Spendy Friends,https://www.mrmoneymustache.com/2012/07/22/protecting-your-money-mustache-from-spendy-friends/
You’ll Never Be Normal Again: My Terrifying Trip to Dairy Queen,https://www.mrmoneymustache.com/2012/07/27/youll-never-be-normal-again/
Managed Payout Funds: Automatic Grocery Buying Machines for the Early Retiree,https://www.mrmoneymustache.com/2012/07/30/managed-payout-funds-automatic-grocery-buying-machines-for-the-early-retiree/
Mr. Money Mustache vs. Mark’s Daily Apple,https://www.mrmoneymustache.com/2012/08/07/mr-money-mustache-vs-marks-daily-apple/
Seven Weeks of Homelessness,https://www.mrmoneymustache.com/2012/08/13/seven-weeks-of-homelessness/
What it Feels Like to Become Rich,https://www.mrmoneymustache.com/2012/08/16/what-it-feels-like-to-become-rich/
Two Great Paychecks from the Mustachians,https://www.mrmoneymustache.com/2012/08/18/two-great-paychecks-from-the-mustachians/
Three Fuel-Saving Hacks for Long Roadtrips,https://www.mrmoneymustache.com/2012/08/20/three-fuel-saving-hacks-for-long-roadtrips/
Selling the Family Jewels,https://www.mrmoneymustache.com/2012/08/22/how_to_sell_silver/
Fasting: a Fast Way to Greater Badassity?,https://www.mrmoneymustache.com/2012/08/24/fasting-a-fast-way-to-greater-badassity/
Mr. Frugal Toque Gets Laid Off,https://www.mrmoneymustache.com/2012/08/27/mr-frugal-toque-gets-laid-off/
A Wealthy Future for Junior Money Mustache,https://www.mrmoneymustache.com/2012/08/29/a-wealthy-future-for-junior-money-mustache/
Reader Case Study: Portland Man Thinks He’s Doing Well,https://www.mrmoneymustache.com/2012/08/31/reader-case-study-portland-man-thinks-hes-doing-well/
It’s Never too Late to Ditch your Gas Guzzler,https://www.mrmoneymustache.com/2012/09/04/its-never-too-late-to-ditch-your-gas-guzzler/
Does Peak Happiness Really Come at $75 000/year?,https://www.mrmoneymustache.com/2012/09/06/does-peak-happiness-really-come-at-75000year/
To Reach the Top 5% You Must Simply Kick the Ass of the Other 95%,https://www.mrmoneymustache.com/2012/09/10/top-five-percen/
Electric Cars: Are they For Real?,https://www.mrmoneymustache.com/2012/09/13/electric-cars-are-they-for-real/
Reader Case Study: The Long Road to Mustachianism,https://www.mrmoneymustache.com/2012/09/15/reader-case-study-the-long-road-to-mustachianism/
Is it Convenient? Would I Enjoy it? Wrong Question.,https://www.mrmoneymustache.com/2012/09/18/is-it-convenient-would-i-enjoy-it-wrong-question/
A DIY Roof Rack: Make your Small Car Carry Big Stuff,https://www.mrmoneymustache.com/2012/09/20/a-diy-roof-rack-make-your-small-car-carry-big-stuff/
Weekend Edition: Where do we Go Now?,https://www.mrmoneymustache.com/2012/09/22/weekend-edition-where-do-we-go-now/
The Lending Club Experiment,https://www.mrmoneymustache.com/2012/09/24/the-lending-club-experiment/
Lighting Up the Bikes for the Darker Half of the Year,https://www.mrmoneymustache.com/2012/09/26/lighting-up-the-bikes-for-the-darker-half-of-the-year/
Weekend Edition: The Life You Can Save,https://www.mrmoneymustache.com/2012/09/29/weekend-edition-the-life-you-can-save/
Quitting a Cash Cow Job,https://www.mrmoneymustache.com/2012/10/01/quitting-a-cash-cow-job/
The Practical Benefits of Outrageous Optimism,https://www.mrmoneymustache.com/2012/10/03/the-practical-benefits-of-outrageous-optimism/
Guest Post: Why You’ll Become Busier After Retirement,https://www.mrmoneymustache.com/2012/10/06/guest-post-why-youll-become-busier-after-retirement/
How to Go from Middle-Class to Kickass,https://www.mrmoneymustache.com/2012/10/08/how-to-go-from-middle-class-to-kickass/
The Tyranny of Having a Real Job,https://www.mrmoneymustache.com/2012/10/15/the-tyranny-of-having-a-real-job/
Why Your Spare Time is Worth Way More than $25 per Hour,https://www.mrmoneymustache.com/2012/10/18/why-your-time-is-worth-way-more-than-25-per-hour/
The Riches of the Urban Harvest,https://www.mrmoneymustache.com/2012/10/21/the-riches-of-the-urban-harvest/
Frugal vs. Cheap,https://www.mrmoneymustache.com/2012/10/24/frugal-vs-cheap/
A Visit from a Mustachian Musician,https://www.mrmoneymustache.com/2012/10/27/a-visit-from-a-mustachian-musician/
First Understand Then Destroy Stress,https://www.mrmoneymustache.com/2012/10/29/first-understand-then-destroy-stress/
Our New $237/month Health Insurance Plan,https://www.mrmoneymustache.com/2012/11/01/our-new-237-per-month-health-insurance-plan/
MMM interviews ERE on Peak Oil,https://www.mrmoneymustache.com/2012/11/05/mmm-interviews-ere-on-peak-oil/
Reader Case Study: Yeah But How About a Difficult Life?,https://www.mrmoneymustache.com/2012/11/07/reader-case-study-yeah-but-how-about-a-difficult-life/
Grim Comedy from Mr. Money Mustache’s Junkmail,https://www.mrmoneymustache.com/2012/11/09/grim-comedy-from-mr-money-mustaches-junkmail/
Got a Serious Goal? Make it Public.,https://www.mrmoneymustache.com/2012/11/12/got-a-serious-goal-make-it-public/
Is This Blog More Powerful than Doubling your Salary?,https://www.mrmoneymustache.com/2012/11/14/doubling-your-salary/
Mustache on the Move: Wintering in Hawaii,https://www.mrmoneymustache.com/2012/11/18/mustache-on-the-move-wintering-in-hawaii/
Local Real Estate Investment Madness,https://www.mrmoneymustache.com/2012/11/23/real-estate-investment-madness/
The Vacation Rental Project,https://www.mrmoneymustache.com/2012/11/28/the-vacation-rental-project/
Meeting of Mustachians this Saturday – Kailua Beach Park,https://www.mrmoneymustache.com/2012/11/29/meeting-of-mustachians-this-saturday-kailua-beach-park/
Inspection Passed Naysayers Defeated,https://www.mrmoneymustache.com/2012/12/05/inspection-passed-naysayers-defeated/
High Cost of Living – it’s a State of Mind,https://www.mrmoneymustache.com/2012/12/15/high-cost-of-living-its-a-state-of-mind/
Your Money or Your Life,https://www.mrmoneymustache.com/2012/12/18/your-money-or-your-life/
How to Make a Relatively Sweet Shower – Cheap,https://www.mrmoneymustache.com/2012/12/21/how-to-make-a-relatively-sweet-shower-cheap/
Cure Yourself of Tiny Details Exaggeration Syndrome,https://www.mrmoneymustache.com/2012/12/26/cure-yourself-of-tiny-details-exaggeration-syndrome/
Shit Happens… to Mr. Money Mustache’s House,https://www.mrmoneymustache.com/2013/01/04/shit-happens-to-mr-money-mustaches-house/
Second Hawaiian Meetup – this Friday Waikiki Beach,https://www.mrmoneymustache.com/2013/01/07/second-hawaiian-meetup-this-friday-waikiki-beach/
A Tale of Two Vacations,https://www.mrmoneymustache.com/2013/01/15/a-tale-of-two-vacations/
How to Start a Blog,https://www.mrmoneymustache.com/2013/01/17/how-to-start-a-blog/
Exposed! The MMM Family’s 2012 Spending!,https://www.mrmoneymustache.com/2013/01/21/exposed-the-mmm-familys-2012-spending/
Halfway to the Goal: the Straight-Line Progress Tracker,https://www.mrmoneymustache.com/2013/01/23/halfway-to-the-goal-the-straight-line-progress-tracker/
Pension Schmension! Retire on Your Own Terms,https://www.mrmoneymustache.com/2013/01/29/pension-schmension-retire-on-your-own-terms/
The Oil Well you can Keep in your Pants,https://www.mrmoneymustache.com/2013/02/01/the-oil-well-you-can-keep-in-your-pants/
The Lending Club Experiment … Four Months Later,https://www.mrmoneymustache.com/2013/02/03/the-lending-club-experiment-four-months-later/
Interview with a CEO: Ridiculous Student Loans vs. The Future of Education,https://www.mrmoneymustache.com/2013/02/07/interview-with-a-ceo-ridiculous-student-loans-vs-the-future-of-education/
The Hawaii Project: Final Numbers and a Few Pictures,https://www.mrmoneymustache.com/2013/02/10/the-hawaii-project-final-numbers-and-a-few-pictures/
Mr. Money Mustache vs. the Internet Retirement Police,https://www.mrmoneymustache.com/2013/02/13/mr-money-mustache-vs-the-internet-retirement-police/
Weekend Edition: Why are you Writing this Blog Anyway?,https://www.mrmoneymustache.com/2013/02/16/weekend-edition-why-are-you-writing-this-blog-anyway/
The Pawn Shop Debacle,https://www.mrmoneymustache.com/2013/02/19/the-pawn-shop-debacle/
Getting Rich: from Zero to Hero in One Blog Post,https://www.mrmoneymustache.com/2013/02/22/getting-rich-from-zero-to-hero-in-one-blog-post/
Mustachian Edible Happy Hour – Seattle – Monday,https://www.mrmoneymustache.com/2013/02/24/mustachian-edible-happy-hour-seattle-monday/
An Enjoyable Experiment: Wasting $1000,https://www.mrmoneymustache.com/2013/03/04/an-enjoyable-experiment-wasting-1000/
How About that Stock Market!?,https://www.mrmoneymustache.com/2013/03/07/how-about-that-stock-market/
Meet your Favorite Financial Bloggers – In Ecuador,https://www.mrmoneymustache.com/2013/03/10/meet-your-favorite-financial-bloggers-in-ecuador/
Reader Case Study – This Guy Doesn’t Need My Help,https://www.mrmoneymustache.com/2013/03/16/reader-case-study-this-guy-doesnt-need-my-help/
A Lifetime of Riches – Is it as Simple as a Few Habits?,https://www.mrmoneymustache.com/2013/03/19/a-lifetime-of-riches-is-it-as-simple-as-a-few-habits/
We are Back and Better than Ever,https://www.mrmoneymustache.com/2013/03/20/we-are-back-and-better-than-ever/
Reader Story: The Man Who Thought Early Retirement Sucked,https://www.mrmoneymustache.com/2013/03/23/reader-story-the-man-who-thought-early-retirement-sucked/
How to Walk Across a Parking Lot: Introducing Raptitude,https://www.mrmoneymustache.com/2013/03/24/how-to-walk-across-a-parking-lot-introducing-raptitude/
Goal (mostly) Reached!,https://www.mrmoneymustache.com/2013/03/26/goal-mostlyreached-sorta/
The Incomparable Advantage of Having to Work for what you Get,https://www.mrmoneymustache.com/2013/03/28/the-incomparable-advantage-of-having-to-work-for-what-you-get/
MMM Challenge: Anti-Automobile April,https://www.mrmoneymustache.com/2013/04/01/mmm-challenge-anti-automobile-april/
Meeting of Mustachians – Thursday Sunset Park Las Vegas,https://www.mrmoneymustache.com/2013/04/02/meeting-of-mustachians-thursday-sunset-park-las-vegas/
A Peak Life is Lived Off-Peak,https://www.mrmoneymustache.com/2013/04/07/a-peak-life-is-lived-off-peak/
An Amazing New Prescription Medication,https://www.mrmoneymustache.com/2013/04/10/an-amazing-new-prescription-medication/
Lending Club Profits and Your Taxes,https://www.mrmoneymustache.com/2013/04/12/lending-club-profits-and-your-taxes/
Reader Case Study: ‘Stashless in Seattle,https://www.mrmoneymustache.com/2013/04/16/reader-case-study-stashless-in-seattle/
The Amazing Waist-Slimming Wallet-Fattening Nutrient,https://www.mrmoneymustache.com/2013/04/18/the-amazing-waist-slimming-wallet-fattening-nutrient/
Curing your Clown-Like Car Habit,https://www.mrmoneymustache.com/2013/04/22/curing-your-clown-like-car-habit/
Why Should I be Frugal When I’m So Rich?,https://www.mrmoneymustache.com/2013/04/25/why-should-i-be-frugal-when-im-so-rich/
Frequently Complained Questions,https://www.mrmoneymustache.com/2013/04/29/frequently-complained-questions/
Reader Case Study: Not Quite as Easy in London,https://www.mrmoneymustache.com/2013/05/02/reader-case-study-not-quite-as-easy-in-london/
Anti Automobile April – Conclusion,https://www.mrmoneymustache.com/2013/05/04/anti-automobile-april-conclusion/
How to Prosper in an Economic Boom,https://www.mrmoneymustache.com/2013/05/07/how-to-prosper-in-an-economic-boom/
The Quitting Lawyer and the Despondent Millionaire,https://www.mrmoneymustache.com/2013/05/11/the-quitting-lawyer-and-the-despondent-millionaire/
The Principle of Constant Optimization,https://www.mrmoneymustache.com/2013/05/15/the-principle-of-constant-optimization/
Do We Need to Fire the Entire Financial Advice Industry?,https://www.mrmoneymustache.com/2013/05/20/financial-reportin-sucks/
Bike Night Meetup – Wednesdays – Roosevelt Park,https://www.mrmoneymustache.com/2013/05/21/bike-night-meetup-wednesday-roosevelt-park/
Which Part of the Money Wave do you Surf?,https://www.mrmoneymustache.com/2013/05/25/which-part-of-the-money-wave-do-you-surf/
Get Rich With: the “ChaCHING!” Instinct,https://www.mrmoneymustache.com/2013/06/04/get-rich-with-the-chaching-instinct/
Getting Enough.. and Then Some,https://www.mrmoneymustache.com/2013/06/09/getting-enough-and-then-some/
Bicycling: The SAFEST Form of Transportation,https://www.mrmoneymustache.com/2013/06/13/bicycling-the-safest-form-of-transportation/
When the Back of the Napkin can be Worth Millions,https://www.mrmoneymustache.com/2013/06/24/when-the-back-of-the-napkin-can-be-worth-millions/
Question and Answers with the Washington Post,https://www.mrmoneymustache.com/2013/06/28/question-and-answers-with-the-washington-post/
How to Fix a Car,https://www.mrmoneymustache.com/2013/07/02/how-to-fix-a-car/
Man Sells Motorbike Experiences Bliss,https://www.mrmoneymustache.com/2013/07/06/man-sells-motorbike-experiences-bliss/
If I Woke Up Broke,https://www.mrmoneymustache.com/2013/07/10/if-i-woke-up-broke/
The Ottawa MMM Party – July 20th,https://www.mrmoneymustache.com/2013/07/14/the-ottawa-mmm-party-july-20th/
A Badass Utopia,https://www.mrmoneymustache.com/2013/07/16/a-badass-utopia/
A 4-Minute Video: Inside the MMM Household,https://www.mrmoneymustache.com/2013/07/23/a-4-minute-video-inside-the-mmm-household/
50 Jobs over $50 000 – Without a Degree (Part 1),https://www.mrmoneymustache.com/2013/07/25/50-jobs-over-50000-without-a-degree-part-1/
You Can Spare us Both the Outrage,https://www.mrmoneymustache.com/2013/07/28/you-can-spare-us-both-the-outrage/
50 Jobs over $50 000 – Without a Degree (Part 2),https://www.mrmoneymustache.com/2013/08/05/50-jobs-over-50000-without-a-degree-part-2/
Meet Your Fellow Mustachians (and MMM) in Chicago and Omaha,https://www.mrmoneymustache.com/2013/08/07/meet-your-fellow-mustachians-and-mmm-in-chicago-and-omaha/
The Surprising Effect of Small Efforts over Time,https://www.mrmoneymustache.com/2013/08/13/the-surprising-effect-of-small-efforts-over-time/
Reader Case Study: The Black Hole Second Home,https://www.mrmoneymustache.com/2013/08/18/reader-case-study-the-black-hole-second-home/
Fear is Just a Chemical,https://www.mrmoneymustache.com/2013/08/23/fear-is-just-a-chemical/
The Lending Club Experiment at One Year – the Gravy Train Grows Crowded,https://www.mrmoneymustache.com/2013/08/26/the-lending-club-experiment-at-one-year-the-gravy-train-grows-crowded/
Luxury is Just Another Weakness,https://www.mrmoneymustache.com/2013/08/29/luxury-is-just-another-weakness/
How (and How Not) to Buy a House,https://www.mrmoneymustache.com/2013/09/04/how-and-how-not-to-buy-a-house/
Lessons from Ecuador,https://www.mrmoneymustache.com/2013/09/15/lessons-from-ecuador/
A One-Question Survey – Who Are the Mustachians?,https://www.mrmoneymustache.com/2013/09/17/a-one-question-survey-who-are-the-mustachians/
Wealth Advice that Should Be Obvious,https://www.mrmoneymustache.com/2013/09/20/wealth-advice-that-should-be-obvious/
Canadian Investing with Mr. Frugal Toque: Part 1,https://www.mrmoneymustache.com/2013/09/21/canadian-investing-with-mr-frugal-toque-part-1/
Rebuilding our New Old House – Want to Help?,https://www.mrmoneymustache.com/2013/09/23/rebuilding-our-new-old-house-want-to-help/
Reader Case Study: Pulling a Mustachian 180,https://www.mrmoneymustache.com/2013/09/28/reader-case-study-pulling-a-mustachian-180/
The Low Information Diet,https://www.mrmoneymustache.com/2013/10/01/the-low-information-diet/
How Big is your Circle of Control?,https://www.mrmoneymustache.com/2013/10/07/how-big-is-your-circle-of-control/
Personal Capital: The Investor’s Version of Mint?,https://www.mrmoneymustache.com/2013/10/11/personal-capital-the-investors-version-of-mint/
When Energy Saving Becomes an Emergency,https://www.mrmoneymustache.com/2013/10/15/when-energy-saving-becomes-an-emergency/
There’s Something You Need to Know About The Rules,https://www.mrmoneymustache.com/2013/10/22/theres-something-you-need-to-know-about-the-rules/
Obamacare: Friend of the Entrepreneur and Early Retiree,https://www.mrmoneymustache.com/2013/10/28/obamacare-friend-of-the-entrepreneur-and-early-retiree/
Reader Case Study: Should This Man Claim his Freedom?,https://www.mrmoneymustache.com/2013/11/04/reader-case-study-should-this-man-claim-his-freedom/
Get Rich With: The Position of Strength,https://www.mrmoneymustache.com/2013/11/11/get-rich-with-the-position-of-strength/
Republic Wireless: Old Phone New Phone and a Tempting Competitor,https://www.mrmoneymustache.com/2013/11/16/republic-wireless-old-phone-new-phone-and-a-tempting-competitor/
Predictably Irrational,https://www.mrmoneymustache.com/2013/11/21/predictably-irrational/
The 100% Off Black Friday Sale,https://www.mrmoneymustache.com/2013/11/28/8740/
Reader Case Study: Hair on Fire!,https://www.mrmoneymustache.com/2013/12/03/reader-case-study-hair-on-fire/
Soldier of Luxury,https://www.mrmoneymustache.com/2013/12/09/soldier-of-luxury/
Canadian Investing with Mr. Frugal Toque: Part Two,https://www.mrmoneymustache.com/2013/12/15/canadian-investing-with-mr-frugal-toque-part-two/
Shaving the Costly Edges From a Major Renovation,https://www.mrmoneymustache.com/2013/12/20/shaving-the-costly-edges-from-a-major-renovation/
Are You Cleaning Out Your Own Wallet?,https://www.mrmoneymustache.com/2013/12/30/are-you-cleaning-out-your-own-wallet/
My Son is Ready for Early Retirement,https://www.mrmoneymustache.com/2014/01/06/my-son-is-ready-for-early-retirement/
Exposed! The MMM Family’s 2013 Spending!,https://www.mrmoneymustache.com/2014/01/12/exposed-the-mmm-familys-2013-spending/
Haters Gonna Hate (but not Mate),https://www.mrmoneymustache.com/2014/01/20/haters-gonna-hate-but-not-mate/
It’s Not a Contest,https://www.mrmoneymustache.com/2014/01/26/its-not-a-contest/
Fine Canadian Winemaking with Mr. Frugal Toque,https://www.mrmoneymustache.com/2014/01/30/how-to-make-wine-in-canada/
Why the Middle Class Keeps Giving Itself the Shaft,https://www.mrmoneymustache.com/2014/02/04/why-the-middle-class-keeps-giving-itself-the-shaft/
An Interview with Juliet Schor Author of Plenitude,https://www.mrmoneymustache.com/2014/02/06/an-interview-with-juliet-schor-author-of-plenitude/
The Radiant Heat Experiment (on a seriously low budget),https://www.mrmoneymustache.com/2014/02/16/the-radiant-heat-experiment/
Reader Case Study: Going West for Early Retirement,https://www.mrmoneymustache.com/2014/02/23/reader-case-study-going-west-for-early-retirement/
Why We are Not Really All Doomed,https://www.mrmoneymustache.com/2014/03/03/why-we-are-not-really-all-doomed/
The Second Annual Gathering in Ecuador,https://www.mrmoneymustache.com/2014/03/07/the-second-annual-gathering-in-ecuador/
MMM Receives Legal Threats – Great Lawyer Wanted,https://www.mrmoneymustache.com/2014/03/11/mmm-receives-legal-threats-great-lawyer-wanted/
Why you should Get your Shit Together Before you Make it Big,https://www.mrmoneymustache.com/2014/03/19/make-it-big/
Introducing the Metal Roof: Shingles are now Obsolete,https://www.mrmoneymustache.com/2014/03/24/how-to-install-a-metal-roof/
Join us for Camp Mustache: May 30 Pacific Northwest!,https://www.mrmoneymustache.com/2014/03/29/join-us-for-camp-mustache-may-30-pacific-northwest/
The Top 4 SUVs for Growing Families,https://www.mrmoneymustache.com/2014/04/01/the-top-4-suvs-for-growing-families/
Reader Study: Getting Rich in Manhattan… on $65k/year,https://www.mrmoneymustache.com/2014/04/06/frugal_living_in_manhattan/
How to Make Money Buy Happiness,https://www.mrmoneymustache.com/2014/04/14/how-to-make-money-buy-happiness/
Frugal yet Fancy Homebrewing – with 30 Seconds of Work,https://www.mrmoneymustache.com/2014/04/22/brew-your-own-cider/
Meet the New Mr. Money Mustache,https://www.mrmoneymustache.com/2014/04/28/meet-the-new-mr-money-mustache/
Beating the Stock Market – With DIY Insulation,https://www.mrmoneymustache.com/2014/05/01/beating-the-stock-market-with-diy-insulation/
‘Stashtown USA,https://www.mrmoneymustache.com/2014/05/09/stashtown-usa/
Republic Wireless becomes 50% More Frugal with the Moto G: A Review,https://www.mrmoneymustache.com/2014/05/13/moto-x-vs-moto-g/
MMM Gatherings! San Francisco and Portland,https://www.mrmoneymustache.com/2014/05/18/mmm-gatherings-san-francisco-and-portland/
Give Yourself the Gift of Not Worrying About Money,https://www.mrmoneymustache.com/2014/05/29/give-yourself-the-gift-of-not-worrying-about-money/
Recovering from the Pack Rat Years,https://www.mrmoneymustache.com/2014/06/08/recovering-from-the-pack-rat-years/
Mr. Frugal Toque on why Tax Freedom Day is Bullshit,https://www.mrmoneymustache.com/2014/06/16/mr-frugal-toque-on-why-tax-freedom-day-is-bullshit/
J.D. Roth: How I learned to Stop Worrying and Love Mustachianism,https://www.mrmoneymustache.com/2014/06/19/j-d-roth-how-i-learned-to-stop-worrying-and-love-mustachianism/
How to Carry Major Appliances on your Bike,https://www.mrmoneymustache.com/2014/06/23/how-to-carry-major-appliances-on-your-bike/
Necessity Is The Mother of Badassity,https://www.mrmoneymustache.com/2014/07/07/necessity-is-the-mother-of-badassity/
Is Mr. Money Mustache Ruining Your Marriage?,https://www.mrmoneymustache.com/2014/07/17/is-mr-money-mustache-ruining-your-marriage/
Is Mr. Money Mustache Ruining Your Marriage? (Part 2),https://www.mrmoneymustache.com/2014/07/30/is-mr-money-mustache-ruining-your-marriage-part-2/
We Sold the House! Here’s How I’m Investing the $400 000.,https://www.mrmoneymustache.com/2014/08/20/how-to-invest-in-overvalued-market/
Introducing IndexView: Become One with the Economy,https://www.mrmoneymustache.com/2014/08/25/indexview/
The Colorado Meetup (and a report from behind the scenes),https://www.mrmoneymustache.com/2014/08/31/the-colorado-meetup-and-a-report-from-behind-the-scenes/
Great News: You’re Allowed To Have Only One Kid!,https://www.mrmoneymustache.com/2014/09/10/great-news-youre-allowed-to-have-only-one-kid/
Lessons in Badassity from a Night in Houston,https://www.mrmoneymustache.com/2014/09/22/lessons-in-badassity-from-a-night-in-houston/
Electric Bikes: Gateway Drug to Bike Commuting?,https://www.mrmoneymustache.com/2014/09/30/electric-bikes-gateway-drug-to-bike-commuting/
Getting Rich with Science,https://www.mrmoneymustache.com/2014/10/07/getting-rich-with-science/
Aquaponics – the Automated Ubergarden of the Future,https://www.mrmoneymustache.com/2014/10/20/aquaponics/
MMM Challenge: Can You go Car-Free This Weekend?,https://www.mrmoneymustache.com/2014/10/28/mmm-challenge-can-you-go-car-free-this-weekend/
Why I Put My Last $100 000 into Betterment,https://www.mrmoneymustache.com/2014/11/04/why-i-put-my-last-100000-into-betterment/
Are You Giving the Shaft to your Future Self?,https://www.mrmoneymustache.com/2014/11/11/are-you-giving-the-shaft-to-your-future-self/
If You Think This is About Extreme Frugality You’re Missing The Point,https://www.mrmoneymustache.com/2014/11/23/not-extreme-frugality/
All Wheel Drive Does Not Make You Safer,https://www.mrmoneymustache.com/2014/12/01/all-wheel-drive-does-not-make-you-safer/
Case Study: Average Everyday Complainypants Seeks Redemption,https://www.mrmoneymustache.com/2014/12/10/case-study-average-everyday-complainypants-seeks-redemption/
It’s Winter… Get Out and Enjoy it!,https://www.mrmoneymustache.com/2014/12/23/its-winter-get-out-and-enjoy-it/
New Year’s Resolution: Getting Your Brain Back,https://www.mrmoneymustache.com/2015/01/08/new-years-resolution-getting-your-brain-back/
You’ll Never Believe How Much the MMM Family Spent This Year…,https://www.mrmoneymustache.com/2015/01/16/exposed-the-mmm-familys-2014-spending/
Mr. Frugal Toque on Mortgage Freedom,https://www.mrmoneymustache.com/2015/01/21/mortgage-freedom/
How Rich are You? Find your Net Worth Spending and Savings Rate,https://www.mrmoneymustache.com/2015/01/26/calculating-net-worth/
The Radiant Heat Experiment – Did it Work?,https://www.mrmoneymustache.com/2015/02/06/the-radiant-heat-experiment-did-it-work/
If I Ran the School Things Would be Different,https://www.mrmoneymustache.com/2015/02/16/if-i-ran-the-school-things-would-be-different/
My Top Questions from Internet Strangers,https://www.mrmoneymustache.com/2015/02/26/my-top-questions-from-internet-strangers/
When Ridiculousness is Ubiquitous,https://www.mrmoneymustache.com/2015/03/12/when-ridiculousness-is-ubiquitious/
Chasing Electrical Demons to Cut your Power Bill by 80%,https://www.mrmoneymustache.com/2015/03/25/cut-your-power-bill/
Early Retirement is an Impossible Dream for Most,https://www.mrmoneymustache.com/2015/04/01/impossible-dream/
Great News – Early Retirement Doesn’t Mean You’ll Stop Working,https://www.mrmoneymustache.com/2015/04/15/great-news-early-retirement-doesnt-mean-youll-stop-working/
What Does Your Work Truck Say About You?,https://www.mrmoneymustache.com/2015/04/28/what-does-your-work-truck-say-about-you/
A SoFi Review: Slick Technology vs. your Student Loan (or Mortgage),https://www.mrmoneymustache.com/2015/05/06/sofi-review/
What I’m Teaching my Son about Money,https://www.mrmoneymustache.com/2015/05/20/what-im-teaching-my-son-about-money/
A Reader Story: Success Even After Self Destruction,https://www.mrmoneymustache.com/2015/06/05/success-even-after-self-destruction/
How to Sell a House,https://www.mrmoneymustache.com/2015/06/20/how-to-sell-a-house/
If You Wouldn’t Buy it You Should Probably Sell it,https://www.mrmoneymustache.com/2015/07/02/if-you-wouldnt-buy-it-you-should-probably-sell-it/
Rent vs. Buy: If You Have to Ask You Should Probably Rent,https://www.mrmoneymustache.com/2015/07/27/rent-vs-buy/
Get Rich With: Your Own Urban Tribe,https://www.mrmoneymustache.com/2015/08/19/urban-tribe/
2000 Miles of Justice: My Year of Riding Electric Bikes,https://www.mrmoneymustache.com/2015/08/31/electric-bike-reviews/
Great News! Dog Ownership is Optional!,https://www.mrmoneymustache.com/2015/09/07/great-news-dog-ownership-is-optional/
Google Fi: Their new $20/month Worldwide Phone Service,https://www.mrmoneymustache.com/2015/09/20/google-fi-review/
If You’re Not Getting Rich in your 20s You’re Doing it Wrong,https://www.mrmoneymustache.com/2015/09/29/if-youre-not-getting-rich-in-your-20s-youre-doing-it-wrong/
Understand the Drive-Thru and We Can Solve All Problems,https://www.mrmoneymustache.com/2015/11/01/the-drive-thru/
Three Investments with an Instant Guaranteed Return,https://www.mrmoneymustache.com/2015/11/15/three-investments/
How to Replace Your Own Furnace,https://www.mrmoneymustache.com/2015/11/23/diy-gas-furnace/
Lessons Learned From Having My Bike Stolen,https://www.mrmoneymustache.com/2015/12/08/lessons-learned-from-having-my-bike-stolen/
Mr. Money Mustache’s Holiday Living Guide,https://www.mrmoneymustache.com/2015/12/28/holiday-living-guide/
An Interview with the Lawyer who Retired at 33,https://www.mrmoneymustache.com/2016/01/13/an-interview-with-the-lawyer-who-retired-at-33/
The Man Who Gets His Cars for Free,https://www.mrmoneymustache.com/2016/01/28/the-man-who-gets-his-cars-for-free/
Should You Do Your Own Taxes? (and Why I Don’t),https://www.mrmoneymustache.com/2016/02/10/should-you-do-your-own-taxes/
What to Do About This Scary Stock Market,https://www.mrmoneymustache.com/2016/02/29/what-to-do-about-this-scary-stock-market/
An Interview with Mother Earth on Climate Change,https://www.mrmoneymustache.com/2016/03/15/mother-earth/
How to Carry a Big Wallet and Leave a Small Footprint,https://www.mrmoneymustache.com/2016/03/20/climate-change-footprint/
Money Has Made Me Weak: MMM Family Spending Rises to $256 000,https://www.mrmoneymustache.com/2016/04/01/mmm-spending-2015/
1400 Miles of Non-Driving in a Tesla,https://www.mrmoneymustache.com/2016/04/15/tesla-road-trip/
High Efficiency Real Estate Investing with PeerStreet,https://www.mrmoneymustache.com/2016/05/02/peerstreet/
The Cheap Ticket Into the Elite Class,https://www.mrmoneymustache.com/2016/05/16/the-cheap-ticket-into-the-elite-class/
Recipe for a Badass DIY Electric Mountain Bike,https://www.mrmoneymustache.com/2016/05/25/recipe-for-a-badass-diy-electric-mountain-bike/
Happiness is the Only Logical Pursuit,https://www.mrmoneymustache.com/2016/06/08/happiness-is-the-only-logical-pursuit/
Making Space for Badassity,https://www.mrmoneymustache.com/2016/07/13/making-space-for-badassity/
The Uncommonly Effective Entrepreneur: an Interview with Jesse Mecham,https://www.mrmoneymustache.com/2016/07/28/jesse-ynab-interview/
Notes on Doing Something Ridiculously Difficult,https://www.mrmoneymustache.com/2016/08/31/notes-on-doing-something-ridiculously-difficult/
Reader Case Study: Young Man Saved from Jeep Suicide,https://www.mrmoneymustache.com/2016/09/12/reader-case-study-young-man-saved-from-jeep-suicide/
So I Bought an Electric Car…,https://www.mrmoneymustache.com/2016/10/04/so-i-bought-an-electric-car/
How to be Happy Rich and Save the World,https://www.mrmoneymustache.com/2016/10/10/how-to-be-happy-rich-and-save-the-world/
Notes on Giving Away my First $100 000,https://www.mrmoneymustache.com/2016/10/26/notes-on-giving-away-100000/
Efficiency is the Highest Form of Beauty,https://www.mrmoneymustache.com/2016/11/24/efficiency-is-the-highest-form-of-beauty/
Staying Fit With No Gym in Sight,https://www.mrmoneymustache.com/2016/12/13/staying-fit-with-no-gym-in-sight/
Eulogy to Another Great Dad,https://www.mrmoneymustache.com/2017/01/18/eulogy-to-another-great-dad/
A DIY Case Study: Building a Fancypants Detached Studio,https://www.mrmoneymustache.com/2017/01/24/diy-studio-building/
Betterment Cranks up Features and Costs – is it Still Worthwhile?,https://www.mrmoneymustache.com/2017/02/01/betterment-cranks-up-features-and-costs-is-it-still-worthwhile/
The Happy City and our $20 Trillion Opportunity,https://www.mrmoneymustache.com/2017/02/10/the-happy-city/
Inside Mrs. Money Mustache’s Top-Secret Five-Figure Etsy Shop,https://www.mrmoneymustache.com/2017/03/06/etsy-shop/
Mr. Money Mustache Turns Six Years Old,https://www.mrmoneymustache.com/2017/04/11/mr-money-mustache-turns-six-years-old/
There Are No Guarantees,https://www.mrmoneymustache.com/2017/04/25/there-are-no-guarantees/
Exposed! The MMM Family’s 2016 Spending!,https://www.mrmoneymustache.com/2017/05/19/2016-spending/
Houston Attorney Thrives on Doing The Impossible – Daily,https://www.mrmoneymustache.com/2017/06/08/bike-to-work-houston/
Great News: There’s Another Recession Coming,https://www.mrmoneymustache.com/2017/06/20/next-recession/
Introducing The MMM World Headquarters Building,https://www.mrmoneymustache.com/2017/08/02/introducing-the-mmm-world-headquarters-building/
From Zero to Wealthy in Two Years – With AirBnb?,https://www.mrmoneymustache.com/2017/08/16/airbnb/
Seek Not to Be Entertained,https://www.mrmoneymustache.com/2017/09/20/seek-not-to-be-entertained/
Electric Car vs. Winter,https://www.mrmoneymustache.com/2017/10/06/electric-car-vs-winter/
Get Rich With: Conspicuous Consumption,https://www.mrmoneymustache.com/2017/10/24/get-rich-with-conspicuous-consumption/
When Your Shitty Health Insurance Doubles in Price,https://www.mrmoneymustache.com/2017/11/05/when-your-shitty-health-insurance-doubles-in-price/
Mr. Money Mustache UBER Driver,https://www.mrmoneymustache.com/2017/11/22/mr-money-mustache-uber-driver/
How to Give Money (and Get Happiness) More Easily,https://www.mrmoneymustache.com/2017/12/04/how-to-give-money-and-get-happiness-more-easily/
Why Bitcoin is Stupid,https://www.mrmoneymustache.com/2018/01/02/why-bitcoin-is-stupid/
An Interview with Matt Cutts: Can the Government grow a Money Mustache?,https://www.mrmoneymustache.com/2018/01/22/matt-cutts-usds-interview/
My DIY Solar Power Setup – Free Energy for Life,https://www.mrmoneymustache.com/2018/02/07/diy-solar-power/
Money and Confidence are Interchangeable,https://www.mrmoneymustache.com/2018/03/09/money-and-confidence-are-interchangeable/
Hacking Hedonic Adaptation to Get Way More For Your Money,https://www.mrmoneymustache.com/2018/04/10/hacking-hedonic-adaptation/
A Day In The Life of my Supposedly Frugal Stomach,https://www.mrmoneymustache.com/2018/05/15/a-day-in-the-life-of-my-supposedly-frugal-stomach/
My $3500 Tiny House Explained,https://www.mrmoneymustache.com/2018/06/30/tinyhouse/
The Twenty Dollar Swim,https://www.mrmoneymustache.com/2018/07/25/the-twenty-dollar-swim/
What Really Goes on at MMM Headquarters,https://www.mrmoneymustache.com/2018/09/05/what-really-goes-on-at-mmm-headquarters/
What Everybody Is Getting Wrong About FIRE,https://www.mrmoneymustache.com/2018/10/05/the-fire-movement/
An Interview With The Man Who Never Needed a Real Job,https://www.mrmoneymustache.com/2018/11/08/honey-badger-entrepreneur/
How to Retire Forever on a Fixed Chunk of Money,https://www.mrmoneymustache.com/2018/11/29/how-to-retire-forever-on-a-fixed-chunk-of-money/
The Economics of Divorce,https://www.mrmoneymustache.com/2018/12/31/divorce/
How To Slow Down Time and Live Longer,https://www.mrmoneymustache.com/2019/01/28/how-to-slow-down-time-and-live-longer/
Four Ways We Can Hang Out,https://www.mrmoneymustache.com/2019/02/11/hanging-out/
How to Create Reality,https://www.mrmoneymustache.com/2019/02/27/how-to-create-reality/
How I Sold This Website for $9 Million,https://www.mrmoneymustache.com/2019/04/01/how-i-sold-this-website-for-9-million/
The Real Benefit of Being Rich,https://www.mrmoneymustache.com/2019/04/11/the-real-benefit-of-being-rich/
Our Shared Ongoing Battle To Not Buy A Tesla,https://www.mrmoneymustache.com/2019/05/08/tesla-procrastination/
Should We Employ Our Own Kids? (and How Much to Pay Them),https://www.mrmoneymustache.com/2019/07/20/estate-planning/
How to Make a Thousand Bucks an Hour,https://www.mrmoneymustache.com/2019/08/22/1000-per-hour/
Michael Burry Trashes Index Funds – Are We Screwed?,https://www.mrmoneymustache.com/2019/09/12/michael-burry-index-funds/
Pizza Delivery is for Millionaires,https://www.mrmoneymustache.com/2019/11/18/pizza-delivery-is-for-millionaires/
Let the Roaring 2020s Begin,https://www.mrmoneymustache.com/2019/12/28/let-the-roaring-2020s-begin/
Exposed! Mr. Money Mustache’s 2019 Bachelor Spending!,https://www.mrmoneymustache.com/2020/01/27/mmm-2019-spending/
Lessons in Fear and Wealth from the Coronavirus,https://www.mrmoneymustache.com/2020/03/03/coronavirus-stock-market/
No You Didn’t Just Lose Half Of Your Retirement Savings,https://www.mrmoneymustache.com/2020/04/02/no-you-didnt-just-lose-half-of-your-retirement-savings/
The Medicine of Mustachianism (a guest post from Marla),https://www.mrmoneymustache.com/2020/04/14/the-medicine-of-mustachianism-a-guest-post-from-marla/
Introducing Coverage Critic: Time to Kill the $80 Mobile Phone Bill Forever,https://www.mrmoneymustache.com/2020/05/03/mobile-phone-plans/
The Sweet Spot,https://www.mrmoneymustache.com/2020/08/04/the-sweet-spot/
Socially Responsible Investing: Is It Also More Profitable?,https://www.mrmoneymustache.com/2020/08/22/socially-responsible-investing/
The Man Who Retired at 27: Why You Should Consider House-Hacking,https://www.mrmoneymustache.com/2020/10/23/house-hacking/
Two Years Without Health Insurance (and What I’m Doing Now),https://www.mrmoneymustache.com/2020/11/09/direct-primary-care/
