Biases: An Introduction,https://www.readthesequences.com/Biases-An-Introduction
Book I: Map and Territory,https://www.readthesequences.com/Book-I-Map-And-Territory
Predictably Wrong,https://www.readthesequences.com/Predictably-Wrong-Sequence
What Do I Mean By “Rationality”?,https://www.readthesequences.com/What-Do-I-Mean-By-Rationality
Feeling Rational,https://www.readthesequences.com/Feeling-Rational
Why Truth? And…,https://www.readthesequences.com/Why-Truth-And
… What’s a Bias Again?,https://www.readthesequences.com/Whats-A-Bias-Again
Availability,https://www.readthesequences.com/Availability
Burdensome Details,https://www.readthesequences.com/Burdensome-Details
Planning Fallacy,https://www.readthesequences.com/Planning-Fallacy
Illusion of Transparency: Why No One Understands You,https://www.readthesequences.com/Illusion-Of-Transparency-Why-No-One-Understands-You
Expecting Short Inferential Distances,https://www.readthesequences.com/Expecting-Short-Inferential-Distances
The Lens That Sees Its Own Flaws,https://www.readthesequences.com/The-Lens-That-Sees-Its-Own-Flaws
Fake Beliefs,https://www.readthesequences.com/Fake-Beliefs-Sequence
Making Beliefs Pay Rent (in Anticipated Experiences),https://www.readthesequences.com/Making-Beliefs-Pay-Rent-In-Anticipated-Experiences
A Fable of Science and Politics,https://www.readthesequences.com/A-Fable-Of-Science-And-Politics
Belief in Belief,https://www.readthesequences.com/Belief-In-Belief
Bayesian Judo,https://www.readthesequences.com/Bayesian-Judo
Pretending to be Wise,https://www.readthesequences.com/Pretending-To-Be-Wise
Religion’s Claim to be Non-Disprovable,https://www.readthesequences.com/Religions-Claim-To-Be-Non-Disprovable
Professing and Cheering,https://www.readthesequences.com/Professing-And-Cheering
Belief as Attire,https://www.readthesequences.com/Belief-As-Attire
Applause Lights,https://www.readthesequences.com/Applause-Lights
Noticing Confusion,https://www.readthesequences.com/Noticing-Confusion-Sequence
Focus Your Uncertainty,https://www.readthesequences.com/FocusYourUncertainty
What Is Evidence?,https://www.readthesequences.com/What-Is-Evidence
Scientific Evidence Legal Evidence Rational Evidence,https://www.readthesequences.com/Scientific-Evidence-Legal-Evidence-Rational-Evidence
How Much Evidence Does It Take?,https://www.readthesequences.com/How-Much-Evidence-Does-It-Take
Einstein’s Arrogance,https://www.readthesequences.com/Einsteins-Arrogance
Occam’s Razor,https://www.readthesequences.com/Occams-Razor
Your Strength as a Rationalist,https://www.readthesequences.com/Your-Strength-As-A-Rationalist
Absence of Evidence Is Evidence of Absence,https://www.readthesequences.com/Absence-Of-Evidence-Is-Evidence-Of-Absence
Conservation of Expected Evidence,https://www.readthesequences.com/Conservation-Of-Expected-Evidence
Hindsight Devalues Science,https://www.readthesequences.com/Hindsight-Devalues-Science
Mysterious Answers,https://www.readthesequences.com/Mysterious-Answers-Sequence
Fake Explanations,https://www.readthesequences.com/Fake-Explanations
Guessing the Teacher’s Password,https://www.readthesequences.com/Guessing-The-Teachers-Password
Science as Attire,https://www.readthesequences.com/Science-As-Attire
Fake Causality,https://www.readthesequences.com/Fake-Causality
Semantic Stopsigns,https://www.readthesequences.com/Semantic-Stopsigns
Mysterious Answers to Mysterious Questions,https://www.readthesequences.com/Mysterious-Answers-To-Mysterious-Questions
The Futility of Emergence,https://www.readthesequences.com/The-Futility-Of-Emergence
Say Not “Complexity”,https://www.readthesequences.com/Say-Not-Complexity
Positive Bias: Look into the Dark,https://www.readthesequences.com/Positive-Bias-Look-Into-The-Dark
Lawful Uncertainty,https://www.readthesequences.com/Lawful-Uncertainty
My Wild and Reckless Youth,https://www.readthesequences.com/My-Wild-And-Reckless-Youth
Failing to Learn from History,https://www.readthesequences.com/Failing-To-Learn-From-History
Making History Available,https://www.readthesequences.com/Making-History-Available
Explain/Worship/Ignore?,https://www.readthesequences.com/Explain-Worship-Ignore
“Science” as Curiosity-Stopper,https://www.readthesequences.com/Science-As-Curiosity-Stopper
Truly Part of You,https://www.readthesequences.com/Truly-Part-Of-You
The Simple Truth,https://www.readthesequences.com/The-Simple-Truth
Book II: How to Actually Change Your Mind,https://www.readthesequences.com/Book-II-How-To-Actually-Change-Your-Mind
Rationality: An Introduction,https://www.readthesequences.com/Rationality-An-Introduction
Overly Convenient Excuses,https://www.readthesequences.com/Overly-Convenient-Excuses-Sequence
The Proper Use of Humility,https://www.readthesequences.com/The-Proper-Use-Of-Humility
The Third Alternative,https://www.readthesequences.com/The-Third-Alternative
Lotteries: A Waste of Hope,https://www.readthesequences.com/Lotteries-A-Waste-Of-Hope
New Improved Lottery,https://www.readthesequences.com/New-Improved-Lottery
But There’s Still a Chance Right?,https://www.readthesequences.com/But-Theres-Still-A-Chance-Right
The Fallacy of Gray,https://www.readthesequences.com/The-Fallacy-Of-Gray
Absolute Authority,https://www.readthesequences.com/Absolute-Authority
How to Convince Me That 2 + 2 = 3,https://www.readthesequences.com/How-To-Convince-Me-That-Two-Plus-Two-Equals-Three
Infinite Certainty,https://www.readthesequences.com/Infinite-Certainty
0 And 1 Are Not Probabilities,https://www.readthesequences.com/Zero-And-One-Are-Not-Probabilities
Your Rationality Is My Business,https://www.readthesequences.com/Your-Rationality-Is-My-Business
Politics and Rationality,https://www.readthesequences.com/Politics-And-Rationality-Sequence
Politics is the Mind-Killer,https://www.readthesequences.com/Politics-Is-The-Mind-Killer
Policy Debates Should Not Appear One-Sided,https://www.readthesequences.com/Policy-Debates-Should-Not-Appear-One-Sided
The Scales of Justice the Notebook of Rationality,https://www.readthesequences.com/The-Scales-Of-Justice-The-Notebook-Of-Rationality
Correspondence Bias,https://www.readthesequences.com/Correspondence-Bias
Are Your Enemies Innately Evil?,https://www.readthesequences.com/Are-Your-Enemies-Innately-Evil
Reversed Stupidity Is Not Intelligence,https://www.readthesequences.com/Reversed-Stupidity-Is-Not-Intelligence
Argument Screens Off Authority,https://www.readthesequences.com/Argument-Screens-Off-Authority
Hug the Query,https://www.readthesequences.com/Hug-The-Query
Rationality and the English Language,https://www.readthesequences.com/Rationality-And-The-English-Language
Human Evil and Muddled Thinking,https://www.readthesequences.com/Human-Evil-And-Muddled-Thinking
Against Rationalization,https://www.readthesequences.com/Against-Rationalization-Sequence
Knowing About Biases Can Hurt People,https://www.readthesequences.com/Knowing-About-Biases-Can-Hurt-People
Update Yourself Incrementally,https://www.readthesequences.com/Update-Yourself-Incrementally
One Argument Against An Army,https://www.readthesequences.com/One-Argument-Against-An-Army
The Bottom Line,https://www.readthesequences.com/The-Bottom-Line
What Evidence Filtered Evidence?,https://www.readthesequences.com/What-Evidence-Filtered-Evidence
Rationalization,https://www.readthesequences.com/Rationalization
A Rational Argument,https://www.readthesequences.com/A-Rational-Argument
Avoiding Your Belief’s Real Weak Points,https://www.readthesequences.com/Avoiding-Your-Beliefs-Real-Weak-Points
Motivated Stopping and Motivating Continuation,https://www.readthesequences.com/Motivated-Stopping-And-Motivated-Continuation
Fake Justification,https://www.readthesequences.com/Fake-Justification
Is That Your True Rejection?,https://www.readthesequences.com/Is-That-Your-True-Rejection
Entangled Truths Contagious Lies,https://www.readthesequences.com/Entangled-Truths-Contagious-Lies
Of Lies and Black Swan Blowups,https://www.readthesequences.com/Of-Lies-And-Black-Swan-Blowups
Dark Side Epistemology,https://www.readthesequences.com/Dark-Side-Epistemology
Against Doublethink,https://www.readthesequences.com/Against-Doublethink-Sequence
Singlethink,https://www.readthesequences.com/Singlethink
Doublethink (Choosing to be Biased),https://www.readthesequences.com/Doublethink-Choosing-To-Be-Biased
No Really I’ve Deceived Myself,https://www.readthesequences.com/No-Really-Ive-Deceived-Myself
Belief in Self-Deception,https://www.readthesequences.com/Belief-In-Self-Deception
Moore’s Paradox,https://www.readthesequences.com/Moores-Paradox
Don’t Believe You’ll Self-Deceive,https://www.readthesequences.com/Dont-Believe-Youll-Self-Deceive
Seeing With Fresh Eyes,https://www.readthesequences.com/Seeing-With-Fresh-Eyes-Sequence
Anchoring and Adjustment,https://www.readthesequences.com/Anchoring-And-Adjustment
Priming and Contamination,https://www.readthesequences.com/Priming-And-Contamination
Do We Believe Everything We’re Told?,https://www.readthesequences.com/Do-We-Believe-Everything-Were-Told
Cached Thoughts,https://www.readthesequences.com/Cached-Thoughts
The “Outside the Box” Box,https://www.readthesequences.com/The-Outside-The-Box-Box
Original Seeing,https://www.readthesequences.com/Original-Seeing
Stranger than History,https://www.readthesequences.com/Stranger-Than-History
The Logical Fallacy of Generalization from Fictional Evidence,https://www.readthesequences.com/The-Logical-Fallacy-Of-Generalization-From-Fictional-Evidence
The Virtue of Narrowness,https://www.readthesequences.com/The-Virtue-Of-Narrowness
How to Seem (and Be) Deep,https://www.readthesequences.com/How-To-Seem-And-Be-Deep
We Change Our Minds Less Often Than We Think,https://www.readthesequences.com/We-Change-Our-Minds-Less-Often-Than-We-Think
Hold Off On Proposing Solutions,https://www.readthesequences.com/Hold-Off-On-Proposing-Solutions
The Genetic Fallacy,https://www.readthesequences.com/The-Genetic-Fallacy
Death Spirals,https://www.readthesequences.com/Death-Spirals-Sequence
The Affect Heuristic,https://www.readthesequences.com/TheAffectHeuristic
Evaluability (and Cheap Holiday Shopping),https://www.readthesequences.com/Evaluability-And-Cheap-Holiday-Shopping
Unbounded Scales Huge Jury Awards and Futurism,https://www.readthesequences.com/Unbounded-Scales-Huge-Jury-Awards-And-Futurism
The Halo Effect,https://www.readthesequences.com/The-Halo-Effect
Superhero Bias,https://www.readthesequences.com/Superhero-Bias
Mere Messiahs,https://www.readthesequences.com/Mere-Messiahs
Affective Death Spirals,https://www.readthesequences.com/Affective-Death-Spirals
Resist the Happy Death Spiral,https://www.readthesequences.com/Resist-The-Happy-Death-Spiral
Uncritical Supercriticality,https://www.readthesequences.com/Uncritical-Supercriticality
Evaporative Cooling of Group Beliefs,https://www.readthesequences.com/Evaporative-Cooling-Of-Group-Beliefs
When None Dare Urge Restraint,https://www.readthesequences.com/When-None-Dare-Urge-Restraint
The Robbers Cave Experiment,https://www.readthesequences.com/The-Robbers-Cave-Experiment
Every Cause Wants to Be a Cult,https://www.readthesequences.com/Every-Cause-Wants-To-Be-A-Cult
Guardians of the Truth,https://www.readthesequences.com/Guardians-Of-The-Truth
Guardians of the Gene Pool,https://www.readthesequences.com/Guardians-Of-The-Gene-Pool
Guardians of Ayn Rand,https://www.readthesequences.com/Guardians-Of-Ayn-Rand
Two Cult Koans,https://www.readthesequences.com/Two-Cult-Koans
Asch’s Conformity Experiment,https://www.readthesequences.com/Aschs-Conformity-Experiment
On Expressing Your Concerns,https://www.readthesequences.com/On-Expressing-Your-Concerns
Lonely Dissent,https://www.readthesequences.com/Lonely-Dissent
Cultish Countercultishness,https://www.readthesequences.com/Cultish-Countercultishness
Letting Go,https://www.readthesequences.com/Letting-Go-Sequence
The Importance of Saying “Oops”,https://www.readthesequences.com/The-Importance-Of-Saying-Oops
The Crackpot Offer,https://www.readthesequences.com/The-Crackpot-Offer
Just Lose Hope Already,https://www.readthesequences.com/Just-Lose-Hope-Already
The Proper Use of Doubt,https://www.readthesequences.com/The-Proper-Use-Of-Doubt
You Can Face Reality,https://www.readthesequences.com/You-Can-Face-Reality
The Meditation on Curiosity,https://www.readthesequences.com/The-Meditation-On-Curiosity
No One Can Exempt You From Rationality’s Laws,https://www.readthesequences.com/No-One-Can-Exempt-You-From-Rationalitys-Laws
Leave a Line of Retreat,https://www.readthesequences.com/Leave-A-Line-Of-Retreat
Crisis of Faith,https://www.readthesequences.com/Crisis-Of-Faith
The Ritual,https://www.readthesequences.com/The-Ritual
Book III: The Machine in the Ghost,https://www.readthesequences.com/Book-III-The-Machine-In-The-Ghost
Minds: An Introduction,https://www.readthesequences.com/Minds-An-Introduction
The Power of Intelligence,https://www.readthesequences.com/The-Power-Of-Intelligence
The Simple Math of Evolution,https://www.readthesequences.com/The-Simple-Math-Of-Evolution-Sequence
An Alien God,https://www.readthesequences.com/An-Alien-God
The Wonder of Evolution,https://www.readthesequences.com/The-Wonder-Of-Evolution
Evolutions Are Stupid (But Work Anyway),https://www.readthesequences.com/Evolutions-Are-Stupid-But-Work-Anyway
No Evolutions for Corporations or Nanodevices,https://www.readthesequences.com/No-Evolutions-For-Corporations-Or-Nanodevices
Evolving to Extinction,https://www.readthesequences.com/Evolving-To-Extinction
The Tragedy of Group Selectionism,https://www.readthesequences.com/The-Tragedy-Of-Group-Selectionism
Fake Optimization Criteria,https://www.readthesequences.com/Fake-Optimization-Criteria
Adaptation-Executers Not Fitness-Maximizers,https://www.readthesequences.com/Adaptation-Executers-Not-Fitness-Maximizers
Evolutionary Psychology,https://www.readthesequences.com/Evolutionary-Psychology
An Especially Elegant Evolutionary Psychology Experiment,https://www.readthesequences.com/An-Especially-Elegant-Evolutionary-Psychology-Experiment
Superstimuli and the Collapse of Western Civilization,https://www.readthesequences.com/Superstimuli-And-The-Collapse-Of-Western-Civilization
Thou Art Godshatter,https://www.readthesequences.com/Thou-Art-Godshatter
Fragile Purposes,https://www.readthesequences.com/Fragile-Purposes-Sequence
Belief in Intelligence,https://www.readthesequences.com/Belief-In-Intelligence
Humans in Funny Suits,https://www.readthesequences.com/Humans-In-Funny-Suits
Optimization and the Intelligence Explosion,https://www.readthesequences.com/Optimization-And-The-Intelligence-Explosion
Ghosts in the Machine,https://www.readthesequences.com/Ghosts-In-The-Machine
Artificial Addition,https://www.readthesequences.com/Artificial-Addition
Terminal Values and Instrumental Values,https://www.readthesequences.com/Terminal-Values-And-Instrumental-Values
Leaky Generalizations,https://www.readthesequences.com/Leaky-Generalizations
The Hidden Complexity of Wishes,https://www.readthesequences.com/The-Hidden-Complexity-Of-Wishes
Anthropomorphic Optimism,https://www.readthesequences.com/Anthropomorphic-Optimism
Lost Purposes,https://www.readthesequences.com/Lost-Purposes
A Human’s Guide to Words,https://www.readthesequences.com/A-Humans-Guide-To-Words-Sequence
The Parable of the Dagger,https://www.readthesequences.com/The-Parable-Of-The-Dagger
The Parable of Hemlock,https://www.readthesequences.com/The-Parable-Of-Hemlock
Words as Hidden Inferences,https://www.readthesequences.com/Words-As-Hidden-Inferences
Extensions and Intensions,https://www.readthesequences.com/Extensions-And-Intensions
Similarity Clusters,https://www.readthesequences.com/Similarity-Clusters
Typicality and Asymmetrical Similarity,https://www.readthesequences.com/Typicality-And-Asymmetrical-Similarity
The Cluster Structure of Thingspace,https://www.readthesequences.com/The-Cluster-Structure-Of-Thingspace
Disguised Queries,https://www.readthesequences.com/Disguised-Queries
Neural Categories,https://www.readthesequences.com/Neural-Categories
How An Algorithm Feels From Inside,https://www.readthesequences.com/How-An-Algorithm-Feels-From-Inside
Disputing Definitions,https://www.readthesequences.com/Disputing-Definitions
Feel the Meaning,https://www.readthesequences.com/Feel-The-Meaning
The Argument from Common Usage,https://www.readthesequences.com/The-Argument-From-Common-Usage
Empty Labels,https://www.readthesequences.com/Empty-Labels
Taboo Your Words,https://www.readthesequences.com/Taboo-Your-Words
Replace the Symbol with the Substance,https://www.readthesequences.com/Replace-The-Symbol-With-The-Substance
Fallacies of Compression,https://www.readthesequences.com/Fallacies-Of-Compression
Categorizing Has Consequences,https://www.readthesequences.com/Categorizing-Has-Consequences
Sneaking in Connotations,https://www.readthesequences.com/Sneaking-In-Connotations
Arguing “By Definition”,https://www.readthesequences.com/Arguing-By-Definition
Where to Draw the Boundary?,https://www.readthesequences.com/Where-To-Draw-The-Boundary
Entropy and Short Codes,https://www.readthesequences.com/Entropy-And-Short-Codes
Mutual Information and Density in Thingspace,https://www.readthesequences.com/Mutual-Information-And-Density-In-Thingspace
Superexponential Conceptspace and Simple Words,https://www.readthesequences.com/Superexponential-Conceptspace-And-Simple-Words
Conditional Independence and Naive Bayes,https://www.readthesequences.com/Conditional-Independence-And-Naive-Bayes
Words as Mental Paintbrush Handles,https://www.readthesequences.com/Words-As-Mental-Paintbrush-Handles
Variable Question Fallacies,https://www.readthesequences.com/Variable-Question-Fallacies
37 Ways That Words Can Be Wrong,https://www.readthesequences.com/Thirty-Seven-Ways-That-Words-Can-Be-Wrong
An Intuitive Explanation of Bayes’s Theorem,https://www.readthesequences.com/An-Intuitive-Explanation-Of-Bayess-Theorem
Book IV: Mere Reality,https://www.readthesequences.com/Book-IV-Mere-Reality
The World: An Introduction,https://www.readthesequences.com/The-World-An-Introduction
Lawful Truth,https://www.readthesequences.com/Lawful-Truth-Sequence
Universal Fire,https://www.readthesequences.com/Universal-Fire
Universal Law,https://www.readthesequences.com/Universal-Law
Is Reality Ugly?,https://www.readthesequences.com/Is-Reality-Ugly
Beautiful Probability,https://www.readthesequences.com/Beautiful-Probability
Outside the Laboratory,https://www.readthesequences.com/Outside-The-Laboratory
The Second Law of Thermodynamics and Engines of Cognition,https://www.readthesequences.com/The-Second-Law-Of-Thermodynamics-And-Engines-Of-Cognition
Perpetual Motion Beliefs,https://www.readthesequences.com/Perpetual-Motion-Beliefs
Searching for Bayes-Structure,https://www.readthesequences.com/Searching-For-Bayes-Structure
Reductionism 101,https://www.readthesequences.com/Reductionism-101-Sequence
Dissolving the Question,https://www.readthesequences.com/Dissolving-The-Question
Wrong Questions,https://www.readthesequences.com/Wrong-Questions
Righting a Wrong Question,https://www.readthesequences.com/Righting-A-Wrong-Question
Mind Projection Fallacy,https://www.readthesequences.com/Mind-Projection-Fallacy
Probability is in the Mind,https://www.readthesequences.com/Probability-Is-In-The-Mind
The Quotation is Not the Referent,https://www.readthesequences.com/The-Quotation-Is-Not-The-Referent
Qualitatively Confused,https://www.readthesequences.com/Qualitatively-Confused
Think Like Reality,https://www.readthesequences.com/Think-Like-Reality
Chaotic Inversion,https://www.readthesequences.com/Chaotic-Inversion
Reductionism,https://www.readthesequences.com/Reductionism
Explaining vs. Explaining Away,https://www.readthesequences.com/Explaining-Vs-Explaining-Away
Fake Reductionism,https://www.readthesequences.com/Fake-Reductionism
Savannah Poets,https://www.readthesequences.com/Savannah-Poets
Joy in the Merely Real,https://www.readthesequences.com/Joy-In-The-Merely-Real-Sequence
Joy in the Merely Real,https://www.readthesequences.com/Joy-In-The-Merely-Real
Joy in Discovery,https://www.readthesequences.com/Joy-In-Discovery
Bind Yourself to Reality,https://www.readthesequences.com/Bind-Yourself-To-Reality
If You Demand Magic Magic Won’t Help,https://www.readthesequences.com/If-You-Demand-Magic-Magic-Wont-Help
Mundane Magic,https://www.readthesequences.com/Mundane-Magic
The Beauty of Settled Science,https://www.readthesequences.com/The-Beauty-Of-Settled-Science
Amazing Breakthrough Day: April 1st,https://www.readthesequences.com/Amazing-Breakthrough-Day-April-First
Is Humanism a Religion Substitute?,https://www.readthesequences.com/Is-Humanism-A-Religion-Substitute
Scarcity,https://www.readthesequences.com/Scarcity
The Sacred Mundane,https://www.readthesequences.com/The-Sacred-Mundane
To Spread Science Keep It Secret,https://www.readthesequences.com/To-Spread-Science-Keep-It-Secret
Initiation Ceremony,https://www.readthesequences.com/Initiation-Ceremony
Physicalism 201,https://www.readthesequences.com/Physicalism-201-Sequence
Hand vs. Fingers,https://www.readthesequences.com/Hand-Vs-Fingers
Angry Atoms,https://www.readthesequences.com/Angry-Atoms
Heat vs. Motion,https://www.readthesequences.com/Heat-Vs-Motion
Brain Breakthrough! It’s Made of Neurons!,https://www.readthesequences.com/Brain-Breakthrough-Its-Made-Of-Neurons
When Anthropomorphism Became Stupid,https://www.readthesequences.com/When-Anthropomorphism-Became-Stupid
A Priori,https://www.readthesequences.com/A-Priori
Reductive Reference,https://www.readthesequences.com/Reductive-Reference
Zombies! Zombies?,https://www.readthesequences.com/Zombies-Zombies
Zombie Responses,https://www.readthesequences.com/Zombie-Responses
The Generalized Anti-Zombie Principle,https://www.readthesequences.com/The-Generalized-Anti-Zombie-Principle
GAZP vs. GLUT,https://www.readthesequences.com/Gazp-Vs-Glut
Belief in the Implied Invisible,https://www.readthesequences.com/Belief-In-The-Implied-Invisible
Zombies: The Movie,https://www.readthesequences.com/Zombies-The-Movie
Excluding the Supernatural,https://www.readthesequences.com/Excluding-The-Supernatural
Psychic Powers,https://www.readthesequences.com/Psychic-Powers
Quantum Physics and Many Worlds,https://www.readthesequences.com/Quantum-Physics-And-Many-Worlds-Sequence
Quantum Explanations,https://www.readthesequences.com/Quantum-Explanations
Configurations and Amplitude,https://www.readthesequences.com/Configurations-And-Amplitude
Joint Configurations,https://www.readthesequences.com/Joint-Configurations
Distinct Configurations,https://www.readthesequences.com/Distinct-Configurations
Collapse Postulates,https://www.readthesequences.com/Collapse-Postulates
Decoherence is Simple,https://www.readthesequences.com/Decoherence-Is-Simple
Decoherence is Falsifiable and Testable,https://www.readthesequences.com/Decoherence-Is-Falsifiable-And-Testable
Privileging the Hypothesis,https://www.readthesequences.com/Privileging-The-Hypothesis
Living in Many Worlds,https://www.readthesequences.com/Living-In-Many-Worlds
Quantum Non-Realism,https://www.readthesequences.com/Quantum-Non-Realism
If Many-Worlds Had Come First,https://www.readthesequences.com/If-Many-Worlds-Had-Come-First
Where Philosophy Meets Science,https://www.readthesequences.com/Where-Philosophy-Meets-Science
Thou Art Physics,https://www.readthesequences.com/Thou-Art-Physics
Many Worlds One Best Guess,https://www.readthesequences.com/Many-Worlds-One-Best-Guess
Science and Rationality,https://www.readthesequences.com/Science-And-Rationality-Sequence
The Failures of Eld Science,https://www.readthesequences.com/The-Failures-Of-Eld-Science
The Dilemma: Science or Bayes?,https://www.readthesequences.com/The-Dilemma-Science-Or-Bayes
Science Doesn’t Trust Your Rationality,https://www.readthesequences.com/Science-Doesnt-Trust-Your-Rationality
When Science Can’t Help,https://www.readthesequences.com/When-Science-Cant-Help
Science Isn’t Strict Enough,https://www.readthesequences.com/Science-Isnt-Strict-Enough
Do Scientists Already Know This Stuff?,https://www.readthesequences.com/Do-Scientists-Already-Know-This-Stuff
No Safe Defense Not Even Science,https://www.readthesequences.com/No-Safe-Defense-Not-Even-Science
Changing the Definition of Science,https://www.readthesequences.com/Changing-The-Definition-Of-Science
Faster Than Science,https://www.readthesequences.com/Faster-Than-Science
Einstein’s Speed,https://www.readthesequences.com/Einsteins-Speed
That Alien Message,https://www.readthesequences.com/That-Alien-Message
My Childhood Role Model,https://www.readthesequences.com/My-Childhood-Role-Model
Einstein’s Superpowers,https://www.readthesequences.com/Einsteins-Superpowers
Class Project,https://www.readthesequences.com/Class-Project
A Technical Explanation of Technical Explanation,https://www.readthesequences.com/A-Technical-Explanation-Of-Technical-Explanation
Book V: Mere Goodness,https://www.readthesequences.com/Book-V-Mere-Goodness
Ends: An Introduction,https://www.readthesequences.com/Ends-An-Introduction
Fake Preferences,https://www.readthesequences.com/Fake-Preferences-Sequence
Not For the Sake of Happiness (Alone),https://www.readthesequences.com/Not-For-The-Sake-Of-Happiness-Alone
Fake Selfishness,https://www.readthesequences.com/Fake-Selfishness
Fake Morality,https://www.readthesequences.com/Fake-Morality
Fake Utility Functions,https://www.readthesequences.com/Fake-Utility-Functions
Detached Lever Fallacy,https://www.readthesequences.com/Detached-Lever-Fallacy
Dreams of AI Design,https://www.readthesequences.com/Dreams-Of-AI-Design
The Design Space of Minds-in-General,https://www.readthesequences.com/The-Design-Space-Of-Minds-In-General
Value Theory,https://www.readthesequences.com/Value-Theory-Sequence
Where Recursive Justification Hits Bottom,https://www.readthesequences.com/Where-Recursive-Justification-Hits-Bottom
My Kind of Reflection,https://www.readthesequences.com/My-Kind-Of-Reflection
No Universally Compelling Arguments,https://www.readthesequences.com/No-Universally-Compelling-Arguments
Created Already in Motion,https://www.readthesequences.com/Created-Already-In-Motion
Sorting Pebbles into Correct Heaps,https://www.readthesequences.com/Sorting-Pebbles-Into-Correct-Heaps
2-Place and 1-Place Words,https://www.readthesequences.com/Two-Place-And-One-Place-Words
What Would You Do Without Morality?,https://www.readthesequences.com/What-Would-You-Do-Without-Morality
Changing Your Metaethics,https://www.readthesequences.com/Changing-Your-Metaethics
Could Anything Be Right?,https://www.readthesequences.com/Could-Anything-Be-Right
Morality as Fixed Computation,https://www.readthesequences.com/Morality-As-Fixed-Computation
Magical Categories,https://www.readthesequences.com/Magical-Categories
The True Prisoner’s Dilemma,https://www.readthesequences.com/The-True-Prisoners-Dilemma
Sympathetic Minds,https://www.readthesequences.com/Sympathetic-Minds
High Challenge,https://www.readthesequences.com/High-Challenge
Serious Stories,https://www.readthesequences.com/Serious-Stories
Value is Fragile,https://www.readthesequences.com/Value-Is-Fragile
The Gift We Give to Tomorrow,https://www.readthesequences.com/The-Gift-We-Give-To-Tomorrow
Quantified Humanism,https://www.readthesequences.com/Quantified-Humanism-Sequence
Scope Insensitivity,https://www.readthesequences.com/Scope-Insensitivity
One Life Against the World,https://www.readthesequences.com/One-Life-Against-The-World
The Allais Paradox,https://www.readthesequences.com/The-Allais-Paradox
Zut Allais!,https://www.readthesequences.com/Zut-Allais
Feeling Moral,https://www.readthesequences.com/Feeling-Moral
The “Intuitions” Behind “Utilitarianism”,https://www.readthesequences.com/The-Intuitions-Behind-Utilitarianism
Ends Don’t Justify Means (Among Humans),https://www.readthesequences.com/Ends-Dont-Justify-Means-Among-Humans
Ethical Injunctions,https://www.readthesequences.com/Ethical-Injunctions
Something to Protect,https://www.readthesequences.com/Something-To-Protect
When (Not) to Use Probabilities,https://www.readthesequences.com/When-Not-To-Use-Probabilities
Newcomb’s Problem and Regret of Rationality,https://www.readthesequences.com/Newcombs-Problem-And-Regret-Of-Rationality
The Twelve Virtues of Rationality,https://www.readthesequences.com/The-Twelve-Virtues-Of-Rationality
Book VI: Becoming Stronger,https://www.readthesequences.com/Book-VI-Becoming-Stronger
Beginnings: An Introduction,https://www.readthesequences.com/Beginnings-An-Introduction
Yudkowsky’s Coming of Age,https://www.readthesequences.com/Yudkowskys-Coming-Of-Age-Sequence
My Childhood Death Spiral,https://www.readthesequences.com/My-Childhood-Death-Spiral
My Best and Worst Mistake,https://www.readthesequences.com/My-Best-And-Worst-Mistake
Raised in Technophilia,https://www.readthesequences.com/Raised-In-Technophilia
A Prodigy of Refutation,https://www.readthesequences.com/A-Prodigy-Of-Refutation
The Sheer Folly of Callow Youth,https://www.readthesequences.com/The-Sheer-Folly-Of-Callow-Youth
That Tiny Note of Discord,https://www.readthesequences.com/That-Tiny-Note-Of-Discord
Fighting a Rearguard Action Against the Truth,https://www.readthesequences.com/Fighting-A-Rearguard-Action-Against-The-Truth
My Naturalistic Awakening,https://www.readthesequences.com/My-Naturalistic-Awakening
The Level Above Mine,https://www.readthesequences.com/The-Level-Above-Mine
The Magnitude of His Own Folly,https://www.readthesequences.com/The-Magnitude-Of-His-Own-Folly
Beyond the Reach of God,https://www.readthesequences.com/Beyond-The-Reach-Of-God
My Bayesian Enlightenment,https://www.readthesequences.com/My-Bayesian-Enlightenment
Challenging the Difficult,https://www.readthesequences.com/Challenging-The-Difficult-Sequence
Tsuyoku Naritai! (I Want to Become Stronger),https://www.readthesequences.com/Tsuyoku-Naritai-I-Want-To-Become-Stronger
Tsuyoku vs. the Egalitarian Instinct,https://www.readthesequences.com/Tsuyoku-Vs-The-Egalitarian-Instinct
Trying to Try,https://www.readthesequences.com/Trying-To-Try
Use the Try Harder Luke,https://www.readthesequences.com/Use-The-Try-Harder-Luke
On Doing the Impossible,https://www.readthesequences.com/On-Doing-The-Impossible
Make an Extraordinary Effort,https://www.readthesequences.com/Make-An-Extraordinary-Effort
Shut Up and Do the Impossible!,https://www.readthesequences.com/Shut-Up-And-Do-The-Impossible
Final Words,https://www.readthesequences.com/Final-Words
The Craft and the Community,https://www.readthesequences.com/The-Craft-And-The-Community-Sequence
Raising the Sanity Waterline,https://www.readthesequences.com/Raising-The-Sanity-Waterline
A Sense That More Is Possible,https://www.readthesequences.com/A-Sense-That-More-Is-Possible
Epistemic Viciousness,https://www.readthesequences.com/Epistemic-Viciousness
Schools Proliferating Without Evidence,https://www.readthesequences.com/Schools-Proliferating-Without-Evidence
Three Levels of Rationality Verification,https://www.readthesequences.com/Three-Levels-Of-Rationality-Verification
Why Our Kind Can’t Cooperate,https://www.readthesequences.com/Why-Our-Kind-Cant-Cooperate
Tolerate Tolerance,https://www.readthesequences.com/Tolerate-Tolerance
Your Price for Joining,https://www.readthesequences.com/Your-Price-For-Joining
Can Humanism Match Religion’s Output?,https://www.readthesequences.com/Can-Humanism-Match-Religions-Output
Church vs. Taskforce,https://www.readthesequences.com/Church-Vs-Taskforce
Rationality: Common Interest of Many Causes,https://www.readthesequences.com/Rationality-Common-Interest-Of-Many-Causes
Helpless Individuals,https://www.readthesequences.com/Helpless-Individuals
Money: The Unit of Caring,https://www.readthesequences.com/Money-The-Unit-Of-Caring
Purchase Fuzzies and Utilons Separately,https://www.readthesequences.com/Purchase-Fuzzies-And-Utilons-Separately
Bystander Apathy,https://www.readthesequences.com/Bystander-Apathy
Collective Apathy and the Internet,https://www.readthesequences.com/Collective-Apathy-And-The-Internet
Incremental Progress and the Valley,https://www.readthesequences.com/Incremental-Progress-And-The-Valley
Bayesians vs. Barbarians,https://www.readthesequences.com/Bayesians-Vs-Barbarians
Beware of Other-Optimizing,https://www.readthesequences.com/Beware-Of-Other-Optimizing
Practical Advice Backed by Deep Theories,https://www.readthesequences.com/Practical-Advice-Backed-By-Deep-Theories
The Sin of Underconfidence,https://www.readthesequences.com/The-Sin-Of-Underconfidence
Go Forth and Create the Art!,https://www.readthesequences.com/Go-Forth-And-Create-The-Art
